wave,library,result_file,provider,provider_sha256,nid,catalog_name,requested_kind,status,match_count,symbol_name,symbol_address,symbol_type,symbol_source,function_entry,function_name,external,thunk,thunk_target,thunk_target_external,executable,body_min,body_max,body_addresses,instruction_count,body_sha256,entry_bytes,first_instruction,last_instruction
wave1,libSceAgcDriver,libSceAgcDriver-chunk-00.result.tsv,libSceAgcDriver.sprx,bc2ca28f3632ce69e25ab44991ed1f49bc1624fe39c2fc81f2efc6e705876348,AhGvpITrf4M,sceAgcDriverAgrSubmitDcb,function,defined_body,1,AhGvpITrf4M#G#A,00002a30,Function,IMPORTED,00002a30,AhGvpITrf4M#G#A,false,false,,,true,00002a30,00002a80,81,17,f097349a09c7e6d6c1b1298487ea43f6adbe65d4f2d6e87bee7eed4c893bff17,488d05d17e010083b8c00100000074194889fe488d3d1e7e0100c780c4010000,"LEA RAX,[0x1a908]",RET
wave1,libSceAgcDriver,libSceAgcDriver-chunk-00.result.tsv,libSceAgcDriver.sprx,bc2ca28f3632ce69e25ab44991ed1f49bc1624fe39c2fc81f2efc6e705876348,+T8Xo6LtFJI,sceAgcDriverAgrSubmitMultiDcbs,function,defined_body,1,+T8Xo6LtFJI#G#A,00004d90,Function,IMPORTED,00004d90,+T8Xo6LtFJI#G#A,false,false,,,true,00004d90,00004de5,86,19,9dac3ff70048baafc133597daf067debc3aff00da1afdf0f1ac66755557a2a05,488d05715b010083b8c001000000741e89d14889f24889fe488d3db95a0100c7,"LEA RAX,[0x1a908]",RET
wave1,libSceAgcDriver,libSceAgcDriver-chunk-00.result.tsv,libSceAgcDriver.sprx,bc2ca28f3632ce69e25ab44991ed1f49bc1624fe39c2fc81f2efc6e705876348,5l3IfCFJxBs,sceAgcDriverFindResourcesPublic,function,defined_body,1,5l3IfCFJxBs#G#A,00007240,Function,IMPORTED,00007240,5l3IfCFJxBs#G#A,false,false,,,true,00007240,00007245,6,2,77cc740e58cbe670a62774638598d2b8b56a7a098b2cf25bcd7a0e8a8ecb12f8,b818906c8ac3ccccccccccccccccccccb818906c8ac3cccccccccccccccccccc,"MOV EAX,0x8a6c9018",RET
wave1,libSceAgcDriver,libSceAgcDriver-chunk-00.result.tsv,libSceAgcDriver.sprx,bc2ca28f3632ce69e25ab44991ed1f49bc1624fe39c2fc81f2efc6e705876348,Zw7uUVPulbw,sceAgcDriverGetEqContextId,function,defined_body,1,Zw7uUVPulbw#G#A,00006d80,Function,IMPORTED,00006d80,Zw7uUVPulbw#G#A,false,false,,,true,00006d80,00006d8e,15,6,ab65bc5e0c9c4587a9177af728dfedff68fe3e10777cd1ed4d8ae39b5ae72704,554889e5e8374d000048c1e8105dc3cc85ff7401c3488d056c3b010031f631d2,PUSH RBP,RET
wave1,libSceAgcDriver,libSceAgcDriver-chunk-00.result.tsv,libSceAgcDriver.sprx,bc2ca28f3632ce69e25ab44991ed1f49bc1624fe39c2fc81f2efc6e705876348,5CdQTZIQPxM,sceAgcDriverGetEqEventType,function,defined_body,1,5CdQTZIQPxM#G#A,00006d70,Function,IMPORTED,00006d70,5CdQTZIQPxM#G#A,false,false,,,true,00006d70,00006d7a,11,5,c6426f628c8bc96aa3aba6e15d2a9d70836bccca5b357ff204c46fb39ffd6574,554889e5e8474d00005dc3cccccccccc554889e5e8374d000048c1e8105dc3cc,PUSH RBP,RET
wave1,libSceAgcDriver,libSceAgcDriver-chunk-00.result.tsv,libSceAgcDriver.sprx,bc2ca28f3632ce69e25ab44991ed1f49bc1624fe39c2fc81f2efc6e705876348,LepGrgk77sM,sceAgcDriverGetOwnerName,function,defined_body,1,LepGrgk77sM#G#A,00007310,Function,IMPORTED,00007310,LepGrgk77sM#G#A,false,false,,,true,00007310,00007315,6,2,77cc740e58cbe670a62774638598d2b8b56a7a098b2cf25bcd7a0e8a8ecb12f8,b818906c8ac3cccccccccccccccccccc31c0c3cccccccccccccccccccccccccc,"MOV EAX,0x8a6c9018",RET
wave1,libSceAgcDriver,libSceAgcDriver-chunk-00.result.tsv,libSceAgcDriver.sprx,bc2ca28f3632ce69e25ab44991ed1f49bc1624fe39c2fc81f2efc6e705876348,NghWEUXp1qM,sceAgcDriverGetResourceBaseAddressAndSizeInBytes,function,defined_body,1,NghWEUXp1qM#G#A,000072d0,Function,IMPORTED,000072d0,NghWEUXp1qM#G#A,false,false,,,true,000072d0,000072d5,6,2,77cc740e58cbe670a62774638598d2b8b56a7a098b2cf25bcd7a0e8a8ecb12f8,b818906c8ac3ccccccccccccccccccccb818906c8ac3cccccccccccccccccccc,"MOV EAX,0x8a6c9018",RET
wave1,libSceAgcDriver,libSceAgcDriver-chunk-00.result.tsv,libSceAgcDriver.sprx,bc2ca28f3632ce69e25ab44991ed1f49bc1624fe39c2fc81f2efc6e705876348,M9yBzRKkjPc,sceAgcDriverGetResourceName,function,defined_body,1,M9yBzRKkjPc#G#A,000072b0,Function,IMPORTED,000072b0,M9yBzRKkjPc#G#A,false,false,,,true,000072b0,000072b5,6,2,77cc740e58cbe670a62774638598d2b8b56a7a098b2cf25bcd7a0e8a8ecb12f8,b818906c8ac3ccccccccccccccccccccb818906c8ac3cccccccccccccccccccc,"MOV EAX,0x8a6c9018",RET
wave1,libSceAgcDriver,libSceAgcDriver-chunk-00.result.tsv,libSceAgcDriver.sprx,bc2ca28f3632ce69e25ab44991ed1f49bc1624fe39c2fc81f2efc6e705876348,mXn+K9E-wOA,sceAgcDriverGetResourceShaderGuid,function,defined_body,1,mXn+K9E-wOA#G#A,00007300,Function,IMPORTED,00007300,mXn+K9E-wOA#G#A,false,false,,,true,00007300,00007305,6,2,77cc740e58cbe670a62774638598d2b8b56a7a098b2cf25bcd7a0e8a8ecb12f8,b818906c8ac3ccccccccccccccccccccb818906c8ac3cccccccccccccccccccc,"MOV EAX,0x8a6c9018",RET
wave1,libSceAgcDriver,libSceAgcDriver-chunk-01.result.tsv,libSceAgcDriver.sprx,bc2ca28f3632ce69e25ab44991ed1f49bc1624fe39c2fc81f2efc6e705876348,rI9lNAXPMIw,sceAgcDriverGetResourceType,function,defined_body,1,rI9lNAXPMIw#G#A,000072c0,Function,IMPORTED,000072c0,rI9lNAXPMIw#G#A,false,false,,,true,000072c0,000072c5,6,2,77cc740e58cbe670a62774638598d2b8b56a7a098b2cf25bcd7a0e8a8ecb12f8,b818906c8ac3ccccccccccccccccccccb818906c8ac3cccccccccccccccccccc,"MOV EAX,0x8a6c9018",RET
wave1,libSceAgcDriver,libSceAgcDriver-chunk-01.result.tsv,libSceAgcDriver.sprx,bc2ca28f3632ce69e25ab44991ed1f49bc1624fe39c2fc81f2efc6e705876348,ls4jfY576lw,sceAgcDriverGetResourceUserData,function,defined_body,1,ls4jfY576lw#G#A,000072e0,Function,IMPORTED,000072e0,ls4jfY576lw#G#A,false,false,,,true,000072e0,000072e5,6,2,77cc740e58cbe670a62774638598d2b8b56a7a098b2cf25bcd7a0e8a8ecb12f8,b818906c8ac3ccccccccccccccccccccb818906c8ac3cccccccccccccccccccc,"MOV EAX,0x8a6c9018",RET
wave1,libSceAgcDriver,libSceAgcDriver-chunk-01.result.tsv,libSceAgcDriver.sprx,bc2ca28f3632ce69e25ab44991ed1f49bc1624fe39c2fc81f2efc6e705876348,rJUyMrDdxJg,sceAgcDriverGetShaderDebuggingStatus,function,defined_body,1,rJUyMrDdxJg#G#A,00006ef0,Function,IMPORTED,00006ef0,rJUyMrDdxJg#G#A,false,false,,,true,00006ef0,00006ef5,6,2,2db31f4e09597946e56e859813bfdad7046d457c32332c3a882654d1e3ffdf67,b801000000c3cccccccccccccccccccce9cb360000cccccccccccccccccccccc,"MOV EAX,0x1",RET
wave1,libSceAgcDriver,libSceAgcDriver-chunk-01.result.tsv,libSceAgcDriver.sprx,bc2ca28f3632ce69e25ab44991ed1f49bc1624fe39c2fc81f2efc6e705876348,Ddwk4gLT5j0,sceAgcDriverIsCaptureInProgress,function,defined_body,1,Ddwk4gLT5j0#G#A,000080d0,Function,IMPORTED,000080d0,Ddwk4gLT5j0#G#A,false,false,,,true,000080d0,000080d2,3,2,251447ee91a9067dcd6ab96703133f617565974cd6c4819021760c4688c91abf,31c0c3cccccccccccccccccccccccccc31c0c3cccccccccccccccccccccccccc,"XOR EAX,EAX",RET
wave1,libSceAgcDriver,libSceAgcDriver-chunk-01.result.tsv,libSceAgcDriver.sprx,bc2ca28f3632ce69e25ab44991ed1f49bc1624fe39c2fc81f2efc6e705876348,qspAL8bgcBY,sceAgcDriverIsSubmitValidationEnabled,function,defined_body,1,qspAL8bgcBY#G#A,000080e0,Function,IMPORTED,000080e0,qspAL8bgcBY#G#A,false,false,,,true,000080e0,000080e2,3,2,251447ee91a9067dcd6ab96703133f617565974cd6c4819021760c4688c91abf,31c0c3ccccccccccccccccccccccccccb800106c8ac3cccccccccccccccccccc,"XOR EAX,EAX",RET
wave1,libSceAgcDriver,libSceAgcDriver-chunk-01.result.tsv,libSceAgcDriver.sprx,bc2ca28f3632ce69e25ab44991ed1f49bc1624fe39c2fc81f2efc6e705876348,+TN0oRTBxJQ,sceAgcDriverIsTraceInProgress,function,defined_body,1,+TN0oRTBxJQ#G#A,00006ee0,Function,IMPORTED,00006ee0,+TN0oRTBxJQ#G#A,false,false,,,true,00006ee0,00006ee2,3,2,251447ee91a9067dcd6ab96703133f617565974cd6c4819021760c4688c91abf,31c0c3ccccccccccccccccccccccccccb801000000c3cccccccccccccccccccc,"XOR EAX,EAX",RET
wave1,libSceAgcDriver,libSceAgcDriver-chunk-01.result.tsv,libSceAgcDriver.sprx,bc2ca28f3632ce69e25ab44991ed1f49bc1624fe39c2fc81f2efc6e705876348,emP3ckeS2uo,sceAgcDriverRegisterGdsResource,function,defined_body,1,emP3ckeS2uo#G#A,000071e0,Function,IMPORTED,000071e0,emP3ckeS2uo#G#A,false,false,,,true,000071e0,000071e5,6,2,77cc740e58cbe670a62774638598d2b8b56a7a098b2cf25bcd7a0e8a8ecb12f8,b818906c8ac3ccccccccccccccccccccb818906c8ac3cccccccccccccccccccc,"MOV EAX,0x8a6c9018",RET
wave1,libSceAgcDriver,libSceAgcDriver-chunk-01.result.tsv,libSceAgcDriver.sprx,bc2ca28f3632ce69e25ab44991ed1f49bc1624fe39c2fc81f2efc6e705876348,3AyTaWcF-H8,sceAgcDriverRegisterWorkloadStream,function,defined_body,1,3AyTaWcF-H8#G#A,00000b00,Function,IMPORTED,00000b00,3AyTaWcF-H8#G#A,false,false,,,true,00000b00,00000ba1,162,45,8d53f23672a0e68cfa2f0225d6e34f5f65e3b7beade9f7ca05b020ba2a70ad28,554889e5415741564154534189ff41be33006c8a418d47e083f8e172798b052d,PUSH RBP,RET
wave1,libSceAgcDriver,libSceAgcDriver-chunk-01.result.tsv,libSceAgcDriver.sprx,bc2ca28f3632ce69e25ab44991ed1f49bc1624fe39c2fc81f2efc6e705876348,SAfhzJPcjuk,sceAgcDriverRequestCaptureStart,function,defined_body,1,SAfhzJPcjuk#G#A,000080b0,Function,IMPORTED,000080b0,SAfhzJPcjuk#G#A,false,false,,,true,000080b0,000080b5,6,2,a45df15ac03ed51bc214fb03f5beecfc66b471bd491c2922752e8cec2509bad5,b800106c8ac3ccccccccccccccccccccb800106c8ac3cccccccccccccccccccc,"MOV EAX,0x8a6c1000",RET
wave1,libSceAgcDriver,libSceAgcDriver-chunk-02.result.tsv,libSceAgcDriver.sprx,bc2ca28f3632ce69e25ab44991ed1f49bc1624fe39c2fc81f2efc6e705876348,FOwvmNlFLjM,sceAgcDriverRequestCaptureStop,function,defined_body,1,FOwvmNlFLjM#G#A,000080c0,Function,IMPORTED,000080c0,FOwvmNlFLjM#G#A,false,false,,,true,000080c0,000080c5,6,2,a45df15ac03ed51bc214fb03f5beecfc66b471bd491c2922752e8cec2509bad5,b800106c8ac3cccccccccccccccccccc31c0c3cccccccccccccccccccccccccc,"MOV EAX,0x8a6c1000",RET
wave1,libSceAgcDriver,libSceAgcDriver-chunk-02.result.tsv,libSceAgcDriver.sprx,bc2ca28f3632ce69e25ab44991ed1f49bc1624fe39c2fc81f2efc6e705876348,MM4IZSEYytQ,sceAgcDriverSetHsOffchipParam,function,defined_body,1,MM4IZSEYytQ#G#A,000070b0,Function,IMPORTED,000070b0,MM4IZSEYytQ#G#A,false,false,,,true,000070b0,000070ca,27,5,77306f3e6060adf030a78e3c622b46997dd9cb4a8e23f87f04ac18d6acd6907e,488d05513801008b8828010000486bc978488b840888000000ffe0cccccccccc,"LEA RAX,[0x1a908]",JMP RAX
wave1,libSceAgcDriver,libSceAgcDriver-chunk-02.result.tsv,libSceAgcDriver.sprx,bc2ca28f3632ce69e25ab44991ed1f49bc1624fe39c2fc81f2efc6e705876348,VOMSpd9+vxU,sceAgcDriverSetResourceUserData,function,defined_body,1,VOMSpd9+vxU#G#A,000072f0,Function,IMPORTED,000072f0,VOMSpd9+vxU#G#A,false,false,,,true,000072f0,000072f5,6,2,77cc740e58cbe670a62774638598d2b8b56a7a098b2cf25bcd7a0e8a8ecb12f8,b818906c8ac3ccccccccccccccccccccb818906c8ac3cccccccccccccccccccc,"MOV EAX,0x8a6c9018",RET
wave1,libSceAgcDriver,libSceAgcDriver-chunk-02.result.tsv,libSceAgcDriver.sprx,bc2ca28f3632ce69e25ab44991ed1f49bc1624fe39c2fc81f2efc6e705876348,HF3YllT3mXU,sceAgcDriverSubmitMultiAcbs,function,defined_body,1,HF3YllT3mXU#G#A,00004df0,Function,IMPORTED,00004df0,HF3YllT3mXU#G#A,false,false,,,true,00004df0,00004e32,67,18,7b50a3be444326b634b521cf44839a5393e939661609325873a5042dab2382e9,83ff58721083c7a8488d04ff488d3ddd550100eb1383ff20721e83c7e0488d04,"CMP EDI,0x58",JMP 0x00004b10
wave1,libSceAgcDriver,libSceAgcDriver-chunk-02.result.tsv,libSceAgcDriver.sprx,bc2ca28f3632ce69e25ab44991ed1f49bc1624fe39c2fc81f2efc6e705876348,Xq5WmbwPTnQ,sceAgcDriverTriggerCapture,function,defined_body,1,Xq5WmbwPTnQ#G#A,000080a0,Function,IMPORTED,000080a0,Xq5WmbwPTnQ#G#A,false,false,,,true,000080a0,000080a5,6,2,a45df15ac03ed51bc214fb03f5beecfc66b471bd491c2922752e8cec2509bad5,b800106c8ac3ccccccccccccccccccccb800106c8ac3cccccccccccccccccccc,"MOV EAX,0x8a6c1000",RET
wave1,libSceAgcDriver,libSceAgcDriver-chunk-02.result.tsv,libSceAgcDriver.sprx,bc2ca28f3632ce69e25ab44991ed1f49bc1624fe39c2fc81f2efc6e705876348,SCoAN5fYlUM,sceAgcDriverUnregisterAllResourcesForOwner,function,defined_body,1,SCoAN5fYlUM#G#A,00007210,Function,IMPORTED,00007210,SCoAN5fYlUM#G#A,false,false,,,true,00007210,00007215,6,2,77cc740e58cbe670a62774638598d2b8b56a7a098b2cf25bcd7a0e8a8ecb12f8,b818906c8ac3ccccccccccccccccccccb818906c8ac3cccccccccccccccccccc,"MOV EAX,0x8a6c9018",RET
wave1,libSceAgcDriver,libSceAgcDriver-chunk-02.result.tsv,libSceAgcDriver.sprx,bc2ca28f3632ce69e25ab44991ed1f49bc1624fe39c2fc81f2efc6e705876348,ZLJk9r2+2Aw,sceAgcDriverUnregisterOwnerAndResources,function,defined_body,1,ZLJk9r2+2Aw#G#A,00007200,Function,IMPORTED,00007200,ZLJk9r2+2Aw#G#A,false,false,,,true,00007200,00007205,6,2,77cc740e58cbe670a62774638598d2b8b56a7a098b2cf25bcd7a0e8a8ecb12f8,b818906c8ac3ccccccccccccccccccccb818906c8ac3cccccccccccccccccccc,"MOV EAX,0x8a6c9018",RET
wave1,libSceAgcDriver,libSceAgcDriver-chunk-02.result.tsv,libSceAgcDriver.sprx,bc2ca28f3632ce69e25ab44991ed1f49bc1624fe39c2fc81f2efc6e705876348,n5ElQVYsU1A,sceAgcDriverUnregisterWorkloadStream,function,defined_body,1,n5ElQVYsU1A#G#A,00000bb0,Function,IMPORTED,00000bb0,n5ElQVYsU1A#G#A,false,false,,,true,00000bb0,00000c27,120,33,67e4477e69d6e22b58a96b93f8e5b277ab5906fffcee1e76ca0cce8b45e19362,554889e541565389fb41be33006c8a8d43e083f8e17259488d3d7a740100e8ed,PUSH RBP,RET
wave1,libSceAmpr,libSceAmpr-chunk-00.result.tsv,libSceAmpr.sprx,129a972cdb762d1b362ad136cdb802f5cac7d3a5f48ecb8b7e5d695c70af4047,Eul7AGEpjLo,sceAmprAprCommandBufferMapBegin,function,defined_body,1,Eul7AGEpjLo#C#A,00003990,Function,IMPORTED,00003990,Eul7AGEpjLo#C#A,false,false,,,true,00003990,00003aa1,274,76,d1ffc9f2b97cc1941456fc9aaa2c1f53954ea610d31532c0949a36db7f8e2172,554889e54157415641554154534883ec284189cc488b0d65860000488b014889,PUSH RBP,UD2
wave1,libSceAmpr,libSceAmpr-chunk-00.result.tsv,libSceAmpr.sprx,129a972cdb762d1b362ad136cdb802f5cac7d3a5f48ecb8b7e5d695c70af4047,bFEs0Gs6D2A,sceAmprAprCommandBufferMapDirectBegin,function,defined_body,1,bFEs0Gs6D2A#C#A,00003ab0,Function,IMPORTED,00003ab0,bFEs0Gs6D2A#C#A,false,false,,,true,00003ab0,00003bdc,301,82,de905bf8eb254318b87863bf454a96eb6fabd2bfa4044d3da70912e7c9cbae74,554889e54157415641554154534883ec484989f5488b3545850000488b064889,PUSH RBP,UD2
wave1,libSceAmpr,libSceAmpr-chunk-00.result.tsv,libSceAmpr.sprx,129a972cdb762d1b362ad136cdb802f5cac7d3a5f48ecb8b7e5d695c70af4047,X169CE6G3Y4,sceAmprAprCommandBufferMapEnd,function,defined_body,1,X169CE6G3Y4#C#A,00003be0,Function,IMPORTED,00003be0,X169CE6G3Y4#C#A,false,false,,,true,00003be0,00003c60,129,39,391be4ce4f2e0a4ed5048c68cb05e3e261a8a53a1ae0c31cba731530aedf560d,554889e54156534883ec104c8b351e840000498b06488945e8b8010002804883,PUSH RBP,UD2
wave1,libSceAmpr,libSceAmpr-chunk-00.result.tsv,libSceAmpr.sprx,129a972cdb762d1b362ad136cdb802f5cac7d3a5f48ecb8b7e5d695c70af4047,mZSbNJVJpV8,sceAmprAprCommandBufferReadFileGather,function,defined_body,1,mZSbNJVJpV8#C#A,00003610,Function,IMPORTED,00003610,mZSbNJVJpV8#C#A,false,false,,,true,00003610,0000370a,251,72,03ec211260c3408eda32fdf78866b28644c0423bb47c8db52b813ae2cd70dc7e,554889e54157415641554154534883ec284c8b2de889000041be01000280498b,PUSH RBP,UD2
wave1,libSceAmpr,libSceAmpr-chunk-00.result.tsv,libSceAmpr.sprx,129a972cdb762d1b362ad136cdb802f5cac7d3a5f48ecb8b7e5d695c70af4047,BVmR1H8l+XI,sceAmprAprCommandBufferReadFileGatherScatter,function,defined_body,1,BVmR1H8l+XI#C#A,000037e0,Function,IMPORTED,000037e0,BVmR1H8l+XI#C#A,false,false,,,true,000037e0,0000390b,300,86,477741a6970a3e5a330a6fe57ed8b02a20a116d8cd4c159bd1d9a75306df788f,554889e54157415641554154534883ec384989cc488b0d1588000041be010002,PUSH RBP,UD2
wave1,libSceAmpr,libSceAmpr-chunk-00.result.tsv,libSceAmpr.sprx,129a972cdb762d1b362ad136cdb802f5cac7d3a5f48ecb8b7e5d695c70af4047,Jg-AgkdJHkk,sceAmprAprCommandBufferReadFileScatter,function,defined_body,1,Jg-AgkdJHkk#C#A,00003710,Function,IMPORTED,00003710,Jg-AgkdJHkk#C#A,false,false,,,true,00003710,000037d5,198,61,39dc8bdcc547dd71808719002ca46022cba8487cb40c1cfd733228ad8ab3d685,554889e54157415641554154534883ec184c8b2de888000041be01000280498b,PUSH RBP,UD2
wave1,libSceAmpr,libSceAmpr-chunk-00.result.tsv,libSceAmpr.sprx,129a972cdb762d1b362ad136cdb802f5cac7d3a5f48ecb8b7e5d695c70af4047,YPxkUDhgoNI,sceAmprAprCommandBufferResetGatherScatterState,function,defined_body,1,YPxkUDhgoNI#C#A,00003910,Function,IMPORTED,00003910,YPxkUDhgoNI#C#A,false,false,,,true,00003910,00003989,122,37,18d2635a4a1309a2da5d2747cbe9b9b3a001a77dd9e5e18b30d62dab2b3a6be8,554889e54156534883ec104c8b35ee860000498b06488945e848837f1000743c,PUSH RBP,UD2
wave1,libSceAmpr,libSceAmpr-chunk-00.result.tsv,libSceAmpr.sprx,129a972cdb762d1b362ad136cdb802f5cac7d3a5f48ecb8b7e5d695c70af4047,4UkZbYKVF7c,sceAmprCommandBufferConstructMarker,function,defined_body,1,4UkZbYKVF7c#C#A,00002f70,Function,IMPORTED,00002f70,4UkZbYKVF7c#C#A,false,false,,,true,00002f70,00003274,773,205,b1e0154e215af70d18c7cbaac13c5dec0a26d969d48e93e0703019ac4c18a28f,554889e54157415641554154534883ec38488b1d88900000488b03488945d048,PUSH RBP,UD2
wave1,libSceAmpr,libSceAmpr-chunk-00.result.tsv,libSceAmpr.sprx,129a972cdb762d1b362ad136cdb802f5cac7d3a5f48ecb8b7e5d695c70af4047,GmOguNIsuKk,sceAmprCommandBufferConstructNop,function,defined_body,1,GmOguNIsuKk#C#A,00002c80,Function,IMPORTED,00002c80,GmOguNIsuKk#C#A,false,false,,,true,00002c80,00002db4,309,91,685f3dfd4b5c061259dd23ff753a598a5c644079e4cc7b3cbc5495f2d8ec2058,554889e54157415641554154534883ec184189f7488b3575930000488b064889,PUSH RBP,UD2
wave1,libSceAmpr,libSceAmpr-chunk-01.result.tsv,libSceAmpr.sprx,129a972cdb762d1b362ad136cdb802f5cac7d3a5f48ecb8b7e5d695c70af4047,RPCAhx-aabE,sceAmprCommandBufferGetBufferBaseAddress,function,defined_body,1,RPCAhx-aabE#C#A,00001e80,Function,IMPORTED,00001e80,RPCAhx-aabE#C#A,false,false,,,true,00001e80,00001e84,5,2,54fd6cfb47b3e150944357d067e1c7fcbe9bc8b8b20527db61840cc59da2b262,488b4710c3cccccccccccccccccccccc8b4708c3cccccccccccccccccccccccc,"MOV RAX,qword ptr [RDI + 0x10]",RET
wave1,libSceAmpr,libSceAmpr-chunk-01.result.tsv,libSceAmpr.sprx,129a972cdb762d1b362ad136cdb802f5cac7d3a5f48ecb8b7e5d695c70af4047,VEDMaQmJZng,sceAmprCommandBufferGetType,function,defined_body,1,VEDMaQmJZng#C#A,00001e60,Function,IMPORTED,00001e60,VEDMaQmJZng#C#A,false,false,,,true,00001e60,00001e62,3,2,cadd8f26469e7198cb603ea5ba1b165c25958dd0f2df803f0ade24798f5915ac,8b07c3cccccccccccccccccccccccccc8b470cc3cccccccccccccccccccccccc,"MOV EAX,dword ptr [RDI]",RET
wave1,libSceAmpr,libSceAmpr-chunk-01.result.tsv,libSceAmpr.sprx,129a972cdb762d1b362ad136cdb802f5cac7d3a5f48ecb8b7e5d695c70af4047,tNn5WBkta60,sceAmprCommandBufferNop,function,defined_body,1,tNn5WBkta60#C#A,00002dc0,Function,IMPORTED,00002dc0,tNn5WBkta60#C#A,false,false,,,true,00002dc0,00002e65,166,52,c08fb389e0cc3450a361af0c660137e1701bcaae7816a5bc0cf400f74d22bcac,554889e541574156534883ec184c8b3d3c920000498b07488945e048837f1000,PUSH RBP,UD2
wave1,libSceAmpr,libSceAmpr-chunk-01.result.tsv,libSceAmpr.sprx,129a972cdb762d1b362ad136cdb802f5cac7d3a5f48ecb8b7e5d695c70af4047,pFQ9UHpO52s,sceAmprCommandBufferNopWithData,function,defined_body,1,pFQ9UHpO52s#C#A,00002e70,Function,IMPORTED,00002e70,pFQ9UHpO52s#C#A,false,false,,,true,00002e70,00002f6b,252,73,21b304befbb76d64229b900ba0e7a35b5b2f2bf19d68e996372e7d4ba8fbb61d,554889e54157415641554154534883ec184c8b2d88910000498b4500488945d0,PUSH RBP,UD2
wave1,libSceAmpr,libSceAmpr-chunk-01.result.tsv,libSceAmpr.sprx,129a972cdb762d1b362ad136cdb802f5cac7d3a5f48ecb8b7e5d695c70af4047,mv0O8Zg0woU,sceAmprCommandBufferPopMarker,function,defined_body,1,mv0O8Zg0woU#C#A,00003400,Function,IMPORTED,00003400,mv0O8Zg0woU#C#A,false,false,,,true,00003400,00003483,132,42,32a1a7df2f76da2d17ca537363fca47df1da2bb52045d38404ac0e262a9a23a6,554889e54156534883ec104c8b35fe8b0000498b06488945e848837f10007446,PUSH RBP,UD2
wave1,libSceAmpr,libSceAmpr-chunk-01.result.tsv,libSceAmpr.sprx,129a972cdb762d1b362ad136cdb802f5cac7d3a5f48ecb8b7e5d695c70af4047,dXPaz65HNmk,sceAmprCommandBufferPushMarker,function,defined_body,1,dXPaz65HNmk#C#A,000033b0,Function,IMPORTED,000033b0,dXPaz65HNmk#C#A,false,false,,,true,000033b0,000033f3,68,26,c9fa0cdb1d0dd0ae19b825cd2652fc7c4b3637f0f080535d95e293df9fd32281,554889e541565348837f1000742c4989febf0200000031d24889f3e8a0d0ffff,PUSH RBP,RET
wave1,libSceAmpr,libSceAmpr-chunk-01.result.tsv,libSceAmpr.sprx,129a972cdb762d1b362ad136cdb802f5cac7d3a5f48ecb8b7e5d695c70af4047,f12ObAMEi9A,sceAmprCommandBufferPushMarkerWithColor,function,defined_body,1,f12ObAMEi9A#C#A,00003330,Function,IMPORTED,00003330,f12ObAMEi9A#C#A,false,false,,,true,00003330,000033a2,115,37,40cc993bf032048e1a27517eb0b30d81b43d01e85b70d45cb612b471c9f603bd,554889e541574156534883ec184c8b3dcc8c0000498b07488945e08955dc4883,PUSH RBP,UD2
wave1,libSceAmpr,libSceAmpr-chunk-01.result.tsv,libSceAmpr.sprx,129a972cdb762d1b362ad136cdb802f5cac7d3a5f48ecb8b7e5d695c70af4047,4quckD2y7Pg,sceAmprCommandBufferSetMarker,function,defined_body,1,4quckD2y7Pg#C#A,000032e0,Function,IMPORTED,000032e0,4quckD2y7Pg#C#A,false,false,,,true,000032e0,00003323,68,26,5d19f8c5d0e084ff06c86632ccec7b534a6e0774494510a86ba706cd9d2f8cc9,554889e541565348837f1000742c4989febf0100000031d24889f3e870d1ffff,PUSH RBP,RET
wave1,libSceAmpr,libSceAmpr-chunk-01.result.tsv,libSceAmpr.sprx,129a972cdb762d1b362ad136cdb802f5cac7d3a5f48ecb8b7e5d695c70af4047,sWbST0oQKsc,sceAmprCommandBufferSetMarkerWithColor,function,defined_body,1,sWbST0oQKsc#C#A,00003280,Function,IMPORTED,00003280,sWbST0oQKsc#C#A,false,false,,,true,00003280,000032d4,85,32,430399482be015ec666ddab629fb92e14f4156bbd860bdab4f0a4fa6c4821161,554889e541574156535048837f100074344989ffbf050000004889d34989f6e8,PUSH RBP,RET
wave1,libSceAmpr,libSceAmpr-chunk-02.result.tsv,libSceAmpr.sprx,129a972cdb762d1b362ad136cdb802f5cac7d3a5f48ecb8b7e5d695c70af4047,DLfoNxTFNVk,sceAmprCommandBufferWaitOnAddress_04_00,function,defined_body,1,DLfoNxTFNVk#C#A,00001eb0,Function,IMPORTED,00001eb0,DLfoNxTFNVk#C#A,false,false,,,true,00001eb0,00001ff7,328,97,7e7dad15a6c6c773bb9d706b16d32efe3bbc70edd0dcb8e443300484eb7dd796,554889e54157415641554154534883ec384989d1488b1545a10000488b024889,PUSH RBP,UD2
wave1,libSceAmpr,libSceAmpr-chunk-02.result.tsv,libSceAmpr.sprx,129a972cdb762d1b362ad136cdb802f5cac7d3a5f48ecb8b7e5d695c70af4047,cQb8Zr8Q0Y0,sceAmprCommandBufferWaitOnCounter_04_00,function,defined_body,1,cQb8Zr8Q0Y0#C#A,00002150,Function,IMPORTED,00002150,cQb8Zr8Q0Y0#C#A,false,false,,,true,00002150,00002278,297,94,e0d072880b6ecc51f61da2ff4674529760c51ba0a346959b28a71dd82c897258,554889e54157415641554154534883ec1848837f10000f84a40000004c8b5510,PUSH RBP,RET
wave1,libSceAmpr,libSceAmpr-chunk-02.result.tsv,libSceAmpr.sprx,129a972cdb762d1b362ad136cdb802f5cac7d3a5f48ecb8b7e5d695c70af4047,enZm-6GjWqw,sceAmprCommandBufferWriteAddressFromCounterPair_04_00,function,defined_body,1,enZm-6GjWqw#C#A,00002c10,Function,IMPORTED,00002c10,enZm-6GjWqw#C#A,false,false,,,true,00002c10,00002c40,49,15,379f848b0f3e2a909f0f263d98a0ffb7ac110dab22474cc14be97601fe908699,48837f1000740bb816000280f6c2817407c3b801000280c30fb6c24989f84889,"CMP qword ptr [RDI + 0x10],0x0",JMP 0x000024a0
wave1,libSceAmpr,libSceAmpr-chunk-02.result.tsv,libSceAmpr.sprx,129a972cdb762d1b362ad136cdb802f5cac7d3a5f48ecb8b7e5d695c70af4047,t4ExS+SwLjs,sceAmprCommandBufferWriteAddressFromCounter_04_00,function,defined_body,1,t4ExS+SwLjs#C#A,00002bb0,Function,IMPORTED,00002bb0,t4ExS+SwLjs#C#A,false,false,,,true,00002bb0,00002bdf,48,15,0aefa7b6e95448e0b0953a9f8b74c9d8ed99f040ded4d25cc4aa37e08a339b89,48837f1000741d84d2781f0fb6c24989f84889f70fb6c9ba020000004889c6e9,"CMP qword ptr [RDI + 0x10],0x0",RET
wave1,libSceAmpr,libSceAmpr-chunk-02.result.tsv,libSceAmpr.sprx,129a972cdb762d1b362ad136cdb802f5cac7d3a5f48ecb8b7e5d695c70af4047,bt3LHR9xjK4,sceAmprCommandBufferWriteAddressFromTimeCounter_04_00,function,defined_body,1,bt3LHR9xjK4#C#A,00002b50,Function,IMPORTED,00002b50,bt3LHR9xjK4#C#A,false,false,,,true,00002b50,00002b71,34,10,a8dd8632e5dfbf36b1c45f177810f1abf00dda0a6c7b1995d906dc5c1613d445,48837f100074154989f80fb6ca4889f7ba0100000031f6e934f9ffffb8010002,"CMP qword ptr [RDI + 0x10],0x0",RET
wave1,libSceAmpr,libSceAmpr-chunk-02.result.tsv,libSceAmpr.sprx,129a972cdb762d1b362ad136cdb802f5cac7d3a5f48ecb8b7e5d695c70af4047,j0+3uJMxYJY,sceAmprCommandBufferWriteAddress_04_00,function,defined_body,1,j0+3uJMxYJY#C#A,00002480,Function,IMPORTED,00002480,j0+3uJMxYJY#C#A,false,false,,,true,00002480,0000249f,32,10,6f7be202667c3686f934a37f5f0e51ced8aed34fa0df91bb00c57c340fc3edbe,48837f100074134989f84889f74889d60fb6c931d2e906000000b801000280c3,"CMP qword ptr [RDI + 0x10],0x0",RET
wave1,libSceAmpr,libSceAmpr-chunk-02.result.tsv,libSceAmpr.sprx,129a972cdb762d1b362ad136cdb802f5cac7d3a5f48ecb8b7e5d695c70af4047,jK+yuYCI7MA,sceAmprCommandBufferWriteCounter_04_00,function,defined_body,1,jK+yuYCI7MA#C#A,00002630,Function,IMPORTED,00002630,jK+yuYCI7MA#C#A,false,false,,,true,00002630,00002719,234,71,42373fc4d0099b88ee97fd75ac206d5e8c8446a53cd464b5a84e536a20611391,554889e54157415641554154534883ec1848837f1000b8010002800f84ba0000,PUSH RBP,RET
wave1,libSceAmpr,libSceAmpr-chunk-02.result.tsv,libSceAmpr.sprx,129a972cdb762d1b362ad136cdb802f5cac7d3a5f48ecb8b7e5d695c70af4047,kdFImtTD0hc,sceAmprMeasureCommandSizeMapBegin,function,defined_body,1,kdFImtTD0hc#C#A,00004170,Function,IMPORTED,00004170,kdFImtTD0hc#C#A,false,false,,,true,00004170,000041bf,80,27,2ae9cc74aa5bf1b6311815b95821cf074c6da7aca5d27b7587aefd3688b5786e,554889e5534883ec18488b1d907e00004189c889d14889f24889fe4c8d4de831,PUSH RBP,UD2
wave1,libSceAmpr,libSceAmpr-chunk-02.result.tsv,libSceAmpr.sprx,129a972cdb762d1b362ad136cdb802f5cac7d3a5f48ecb8b7e5d695c70af4047,qvbdJc7bG+s,sceAmprMeasureCommandSizeMapDirectBegin,function,defined_body,1,qvbdJc7bG+s#C#A,000041c0,Function,IMPORTED,000041c0,qvbdJc7bG+s#C#A,false,false,,,true,000041c0,00004217,88,29,6f5a8512dfc06fac665951f6073d88faad4052cc7b61b8223e72d39af8d7d30a,554889e5534883ec18488b1d407e00004589c14189c84889d14889f24889fe31,PUSH RBP,UD2
wave1,libSceAmpr,libSceAmpr-chunk-03.result.tsv,libSceAmpr.sprx,129a972cdb762d1b362ad136cdb802f5cac7d3a5f48ecb8b7e5d695c70af4047,iwTNhyaemnw,sceAmprMeasureCommandSizeMapEnd,function,defined_body,1,iwTNhyaemnw#C#A,00004220,Function,IMPORTED,00004220,iwTNhyaemnw#C#A,false,false,,,true,00004220,00004225,6,2,e36623525b7c35b277173e56616b2d865cf6515aa2be1d12d6814ef725cecffb,b804000000c3cccccccccccccccccccc554889e54156534883ec104c8b35ce7d,"MOV EAX,0x4",RET
wave1,libSceAmpr,libSceAmpr-chunk-03.result.tsv,libSceAmpr.sprx,129a972cdb762d1b362ad136cdb802f5cac7d3a5f48ecb8b7e5d695c70af4047,NNIZ-FMyz3M,sceAmprMeasureCommandSizeNop,function,defined_body,1,NNIZ-FMyz3M#C#A,00004050,Function,IMPORTED,00004050,NNIZ-FMyz3M#C#A,false,false,,,true,00004050,0000406b,28,13,98939d010806631545d6d286b65f64bd487c35a8f132ba520e17dc2b6248c68d,554889e5535089fbe8e3c2ffffc1e30285c00f44c34883c4085b5dc3cccccccc,PUSH RBP,RET
wave1,libSceAmpr,libSceAmpr-chunk-03.result.tsv,libSceAmpr.sprx,129a972cdb762d1b362ad136cdb802f5cac7d3a5f48ecb8b7e5d695c70af4047,Xp85BP3+BBI,sceAmprMeasureCommandSizeNopWithData,function,defined_body,1,Xp85BP3+BBI#C#A,00004070,Function,IMPORTED,00004070,Xp85BP3+BBI#C#A,false,false,,,true,00004070,0000408b,28,13,5f9fa6517a6c31caa31a46407bb5014425d19f37b62147636fc2a8614d52425c,554889e5535089fbe8c3c2ffffc1e30285c00f44c34883c4085b5dc3cccccccc,PUSH RBP,RET
wave1,libSceAmpr,libSceAmpr-chunk-03.result.tsv,libSceAmpr.sprx,129a972cdb762d1b362ad136cdb802f5cac7d3a5f48ecb8b7e5d695c70af4047,pbnNnahE8vk,sceAmprMeasureCommandSizePopMarker,function,defined_body,1,pbnNnahE8vk#C#A,00004390,Function,IMPORTED,00004390,pbnNnahE8vk#C#A,false,false,,,true,00004390,00004395,6,2,e36623525b7c35b277173e56616b2d865cf6515aa2be1d12d6814ef725cecffb,b804000000c3cccc0000000000000000ff358a7c0000ff258c7c00000f1f4000,"MOV EAX,0x4",RET
wave1,libSceAmpr,libSceAmpr-chunk-03.result.tsv,libSceAmpr.sprx,129a972cdb762d1b362ad136cdb802f5cac7d3a5f48ecb8b7e5d695c70af4047,0RdLmAh7WVo,sceAmprMeasureCommandSizePushMarker,function,defined_body,1,0RdLmAh7WVo#C#A,00004350,Function,IMPORTED,00004350,0RdLmAh7WVo#C#A,false,false,,,true,00004350,00004384,53,20,d40f5b8af7f25c814c6deed9a3d48394ae0f32f0dab1a13026284285a0aad685,554889e553504889fbbf0200000031d24889dee808c1ffff85c07812bf020000,PUSH RBP,RET
wave1,libSceAmpr,libSceAmpr-chunk-03.result.tsv,libSceAmpr.sprx,129a972cdb762d1b362ad136cdb802f5cac7d3a5f48ecb8b7e5d695c70af4047,3OfeY4pzDV0,sceAmprMeasureCommandSizePushMarkerWithColor,function,defined_body,1,3OfeY4pzDV0#C#A,000042e0,Function,IMPORTED,000042e0,3OfeY4pzDV0#C#A,false,false,,,true,000042e0,00004340,97,31,0e80146b7529c60d75d1179d4626f64840af2cc3d35724b9838edc6207d8fa9b,554889e54156534883ec104c8b351e7d00004889fb488d55e4bf06000000498b,PUSH RBP,UD2
wave1,libSceAmpr,libSceAmpr-chunk-03.result.tsv,libSceAmpr.sprx,129a972cdb762d1b362ad136cdb802f5cac7d3a5f48ecb8b7e5d695c70af4047,qesF88X4DRg,sceAmprMeasureCommandSizeReadFileGather,function,defined_body,1,qesF88X4DRg#C#A,000040e0,Function,IMPORTED,000040e0,qesF88X4DRg#C#A,false,false,,,true,000040e0,0000410c,45,16,066bd1b8bd8cadeae78de0c1e6b1798b6c4e6e18c561bb6b4273534c161dc37e,554889e553504889f3e8c2c2ffff31c94881fb000004000f93c185c08d0c8d08,PUSH RBP,RET
wave1,libSceAmpr,libSceAmpr-chunk-03.result.tsv,libSceAmpr.sprx,129a972cdb762d1b362ad136cdb802f5cac7d3a5f48ecb8b7e5d695c70af4047,DXmgc5op8Yw,sceAmprMeasureCommandSizeReadFileGatherScatter,function,defined_body,1,DXmgc5op8Yw#C#A,00004130,Function,IMPORTED,00004130,DXmgc5op8Yw#C#A,false,false,,,true,00004130,00004159,42,16,9509dabcc9757540c9f4fa673d08009102fcfa1e0fa93637d1675676d86ce3ca,554889e553504889d3e8e2c2ffff31c948c1eb200f95c185c08d0c8d10000000,PUSH RBP,RET
wave1,libSceAmpr,libSceAmpr-chunk-03.result.tsv,libSceAmpr.sprx,129a972cdb762d1b362ad136cdb802f5cac7d3a5f48ecb8b7e5d695c70af4047,7nXGDGMXSqo,sceAmprMeasureCommandSizeReadFileScatter,function,defined_body,1,7nXGDGMXSqo#C#A,00004110,Function,IMPORTED,00004110,7nXGDGMXSqo#C#A,false,false,,,true,00004110,00004124,21,8,a3b098963073398cda7e4a534757693c48cceda38f1934c98b6017bc7dbe1162,554889e5e8c7c2ffff85c0b90c0000000f44c15dc3cccccccccccccccccccccc,PUSH RBP,RET
wave1,libSceAmpr,libSceAmpr-chunk-04.result.tsv,libSceAmpr.sprx,129a972cdb762d1b362ad136cdb802f5cac7d3a5f48ecb8b7e5d695c70af4047,rddQYXM0CjM,sceAmprMeasureCommandSizeResetGatherScatterState,function,defined_body,1,rddQYXM0CjM#C#A,00004160,Function,IMPORTED,00004160,rddQYXM0CjM#C#A,false,false,,,true,00004160,00004165,6,2,e36623525b7c35b277173e56616b2d865cf6515aa2be1d12d6814ef725cecffb,b804000000c3cccccccccccccccccccc554889e5534883ec18488b1d907e0000,"MOV EAX,0x4",RET
wave1,libSceAmpr,libSceAmpr-chunk-04.result.tsv,libSceAmpr.sprx,129a972cdb762d1b362ad136cdb802f5cac7d3a5f48ecb8b7e5d695c70af4047,VGkEj4d6-Kg,sceAmprMeasureCommandSizeSetMarker,function,defined_body,1,VGkEj4d6-Kg#C#A,000042a0,Function,IMPORTED,000042a0,VGkEj4d6-Kg#C#A,false,false,,,true,000042a0,000042d4,53,20,9b53cb67f176373a80686ac8ec8384daf187fcd0f8b60016945db0c88883e1b8,554889e553504889fbbf0100000031d24889dee8b8c1ffff85c07812bf010000,PUSH RBP,RET
wave1,libSceAmpr,libSceAmpr-chunk-04.result.tsv,libSceAmpr.sprx,129a972cdb762d1b362ad136cdb802f5cac7d3a5f48ecb8b7e5d695c70af4047,tmfr97+ED5I,sceAmprMeasureCommandSizeSetMarkerWithColor,function,defined_body,1,tmfr97+ED5I#C#A,00004230,Function,IMPORTED,00004230,tmfr97+ED5I#C#A,false,false,,,true,00004230,00004290,97,31,fa9332d2d308e1e1b41b4764a7a7a3101b162776c2746544486cee86500ce421,554889e54156534883ec104c8b35ce7d00004889fb488d55e4bf05000000498b,PUSH RBP,UD2
wave1,libSceAmpr,libSceAmpr-chunk-04.result.tsv,libSceAmpr.sprx,129a972cdb762d1b362ad136cdb802f5cac7d3a5f48ecb8b7e5d695c70af4047,0BMj1hgG+kE,sceAmprMeasureCommandSizeWaitOnAddress_04_00,function,defined_body,1,0BMj1hgG+kE#C#A,00003c70,Function,IMPORTED,00003c70,0BMj1hgG+kE#C#A,false,false,,,true,00003c70,00003ca9,58,21,cb481af117918b2394118e8019e2629d719081a7b0565dd55b2f152430e43710,554889e553504889f3e892c4ffff85c075214889d831c948c1e8204885db0f95,PUSH RBP,RET
wave1,libSceAmpr,libSceAmpr-chunk-04.result.tsv,libSceAmpr.sprx,129a972cdb762d1b362ad136cdb802f5cac7d3a5f48ecb8b7e5d695c70af4047,ClnsFLLLcss,sceAmprMeasureCommandSizeWaitOnCounter_04_00,function,defined_body,1,ClnsFLLLcss#C#A,00003cf0,Function,IMPORTED,00003cf0,ClnsFLLLcss#C#A,false,false,,,true,00003cf0,00003d99,170,58,40041f99eeed44f6f376e2ef6f61f6e312b54e30545b4d01c91072de5fbd0e26,554889e5415741564154534883ec100fb645104d89ce4489c34989d74189f489,PUSH RBP,RET
wave1,libSceAmpr,libSceAmpr-chunk-04.result.tsv,libSceAmpr.sprx,129a972cdb762d1b362ad136cdb802f5cac7d3a5f48ecb8b7e5d695c70af4047,2Hw8gjMdwSY,sceAmprMeasureCommandSizeWriteAddressFromCounterPair_04_00,function,defined_body,1,2Hw8gjMdwSY#C#A,00003ef0,Function,IMPORTED,00003ef0,2Hw8gjMdwSY#C#A,false,false,,,true,00003ef0,00003f1e,47,18,ba6e194bc4ccab4eb525bc2f2ca5e45fc66e1b06cfcf93c6b5b959cb2f9f8d79,554889e5535089f389f2be03000000e87cc3ffff31c980fb040f93c185c08d0c,PUSH RBP,RET
wave1,libSceAmpr,libSceAmpr-chunk-04.result.tsv,libSceAmpr.sprx,129a972cdb762d1b362ad136cdb802f5cac7d3a5f48ecb8b7e5d695c70af4047,JYd9g9L+TmE,sceAmprMeasureCommandSizeWriteAddressFromCounter_04_00,function,defined_body,1,JYd9g9L+TmE#C#A,00003e90,Function,IMPORTED,00003e90,JYd9g9L+TmE#C#A,false,false,,,true,00003e90,00003ebe,47,18,d525ef157880ab2af6c7a6ca7e7277accd8eb3df9310379ec9c8a89e0fd8c469,554889e5535089f389f2be02000000e8dcc3ffff31c980fb040f93c185c08d0c,PUSH RBP,RET
wave1,libSceAmpr,libSceAmpr-chunk-04.result.tsv,libSceAmpr.sprx,129a972cdb762d1b362ad136cdb802f5cac7d3a5f48ecb8b7e5d695c70af4047,gAtc79UTt5E,sceAmprMeasureCommandSizeWriteAddressFromTimeCounter_04_00,function,defined_body,1,gAtc79UTt5E#C#A,00003e50,Function,IMPORTED,00003e50,gAtc79UTt5E#C#A,false,false,,,true,00003e50,00003e6b,28,10,58fe4ced08139bc26b1ef24986e1b2048bbd641c08d33fa207450f00fe6a0a4d,554889e5be0100000031d2e820c4ffff85c0b9080000000f44c15dc3cccccccc,PUSH RBP,RET
wave1,libSceAmpr,libSceAmpr-chunk-04.result.tsv,libSceAmpr.sprx,129a972cdb762d1b362ad136cdb802f5cac7d3a5f48ecb8b7e5d695c70af4047,4fgtGfXDrFc,sceAmprMeasureCommandSizeWriteAddress_04_00,function,defined_body,1,4fgtGfXDrFc#C#A,00003dd0,Function,IMPORTED,00003dd0,4fgtGfXDrFc#C#A,false,false,,,true,00003dd0,00003e0f,64,23,9d327db687bc72f8acc64a5daaa9f995d33bb0995f62b3c7c0b67dfabc41d683,554889e553504889f331f64889dae89dc4ffff85c075224889d831c948c1e822,PUSH RBP,RET
wave1,libSceAmpr,libSceAmpr-chunk-05.result.tsv,libSceAmpr.sprx,129a972cdb762d1b362ad136cdb802f5cac7d3a5f48ecb8b7e5d695c70af4047,I-Qm+MEso5c,sceAmprMeasureCommandSizeWriteCounter_04_00,function,defined_body,1,I-Qm+MEso5c#C#A,00003f50,Function,IMPORTED,00003f50,I-Qm+MEso5c#C#A,false,false,,,true,00003f50,00003fd4,133,44,a45a24489682348f4ac826a1b05a38629462f6a06d124a80e33627728f57a051,554889e541574156535089cb4989d74189f6e899c3ffff85c0755fb9c0ffffff,PUSH RBP,RET
wave1,libSceJson2,libSceJson2-chunk-00.result.tsv,libSceJson2.sprx,1ca532e78ed5e02c553e99ebb01751df6baaefa0bd6481c69db56e08536ba06c,PR5k1penBLM,_ZN3sce4Json11Initializer9terminateEv,function,defined_body,1,PR5k1penBLM#C#A,00000950,Function,IMPORTED,00000950,PR5k1penBLM#C#A,false,false,,,true,00000950,00000d89,1072,253,4bda51c5b3097a2a6bec3fe763c0fd10d75bd96d0442c2ed39c7f3581dbb186d,554889e5415741564154534883ec104c8b3d1a370100498b07488945d8b81081,PUSH RBP,UD2
wave1,libSceJson2,libSceJson2-chunk-00.result.tsv,libSceJson2.sprx,1ca532e78ed5e02c553e99ebb01751df6baaefa0bd6481c69db56e08536ba06c,zQtLRTqceMY,_ZN3sce4Json5Array9push_backERKNS0_5ValueE,function,defined_body,1,zQtLRTqceMY#C#A,0000c240,Function,IMPORTED,0000c240,zQtLRTqceMY#C#A,false,false,,,true,0000c240,0000c3e2,419,120,6ec2f0a155c5f9038d9160706e64b6534f6342ac762134408346c67ed4853428,554889e54157415641554154534883ec484c8b25287e0000498b0424488945d0,PUSH RBP,UD2
wave1,libSceJson2,libSceJson2-chunk-00.result.tsv,libSceJson2.sprx,1ca532e78ed5e02c553e99ebb01751df6baaefa0bd6481c69db56e08536ba06c,nM5XqdeXFPw,_ZN3sce4Json5Value10referArrayEv,function,defined_body,1,nM5XqdeXFPw#C#A,00004420,Function,IMPORTED,00004420,nM5XqdeXFPw#C#A,false,false,,,true,00004420,0000442d,14,6,eab7c21cf9b7afd6a285fd0989e3da78c6a6e27ecc9fd1252a322edb8b27f165,837f1c067505488b4710c331c0c3cccc837f1c077505488b4710c331c0c3cccc,"CMP dword ptr [RDI + 0x1c],0x6",RET
wave1,libSceJson2,libSceJson2-chunk-00.result.tsv,libSceJson2.sprx,1ca532e78ed5e02c553e99ebb01751df6baaefa0bd6481c69db56e08536ba06c,-NxEk7XLkDY,_ZN3sce4Json5Value11referObjectEv,function,defined_body,1,-NxEk7XLkDY#C#A,00004430,Function,IMPORTED,00004430,-NxEk7XLkDY#C#A,false,false,,,true,00004430,0000443d,14,6,7439af5116049a3588e578c5af1efb61283cce1b6a5c17d1fafa4e93f7629872,837f1c077505488b4710c331c0c3cccc8b4f1c488d571031c083e1fe83f90248,"CMP dword ptr [RDI + 0x1c],0x7",RET
wave1,libSceJson2,libSceJson2-chunk-00.result.tsv,libSceJson2.sprx,1ca532e78ed5e02c553e99ebb01751df6baaefa0bd6481c69db56e08536ba06c,R7FDWtcN6f8,_ZN3sce4Json5Value9serializeERNS0_6StringE,function,defined_body,1,R7FDWtcN6f8#C#A,000038d0,Function,IMPORTED,000038d0,R7FDWtcN6f8#C#A,false,false,,,true,000038d0,0000395e,143,41,49a7eeb10ff3c27fa7810f262928a0668cd51e51c708da36ce950230b9a90f1c,554889e541574156534883ec284c8b3d9c070100498b07488945e048833d6d47,PUSH RBP,UD2
wave1,libSceJson2,libSceJson2-chunk-00.result.tsv,libSceJson2.sprx,1ca532e78ed5e02c553e99ebb01751df6baaefa0bd6481c69db56e08536ba06c,3xUXnmUkXfo,_ZN3sce4Json5ValueC1ERKNS0_6ObjectE,function,defined_body,1,3xUXnmUkXfo#C#A,00001eb0,Label,IMPORTED,00001eb0,JXlrCLLCLmc#C#A,false,false,,,true,00001eb0,00001ef5,70,25,00383cf81170f625a97d21e96c746a4ece2269ef4818d8f1a24cc3989dedfbb8,554889e5415653c7471c00000000c5f857c0c5f8110748833e0074254889f3be,PUSH RBP,RET
wave1,libSceJson2,libSceJson2-chunk-00.result.tsv,libSceJson2.sprx,1ca532e78ed5e02c553e99ebb01751df6baaefa0bd6481c69db56e08536ba06c,oH8aBmLU+fc,_ZN3sce4Json6Object5clearEv,function,defined_body,1,oH8aBmLU+fc#C#A,0000d6d0,Function,IMPORTED,0000d6d0,oH8aBmLU+fc#C#A,false,false,,,true,0000d6d0,0000d6dc,13,4,b5ff8cc8c367cdd77a70987e62b46a3a4235ff0ff4eba595502976913035014a,488b3f4885ff0f85c4140000c3cccccc554889e54157415641554154534881ec,"MOV RDI,qword ptr [RDI]",RET
wave1,libSceJson2,libSceJson2-chunk-00.result.tsv,libSceJson2.sprx,1ca532e78ed5e02c553e99ebb01751df6baaefa0bd6481c69db56e08536ba06c,a+W7HHlwpBs,_ZN3sce4Json6ObjectC1ERKS1_,function,defined_body,1,a+W7HHlwpBs#C#A,0000d320,Function,IMPORTED,0000d320,a+W7HHlwpBs#C#A,false,false,,,true,0000d320,0000d3f9,218,62,f8e68281f3cfcf4a15415de0497614ec7dc21bc45c1f6165fe08e53bf41245bf,554889e541574156535048c7070000000048833e000f84b40000004989febf00,PUSH RBP,RET
wave1,libSceJson2,libSceJson2-chunk-00.result.tsv,libSceJson2.sprx,1ca532e78ed5e02c553e99ebb01751df6baaefa0bd6481c69db56e08536ba06c,OJPTonqdg0I,_ZN3sce4Json6ObjectC1Ev,function,defined_body,1,OJPTonqdg0I#C#A,0000d220,Label,IMPORTED,0000d220,SkKczWHdklc#C#A,false,false,,,true,0000d220,0000d31a,251,65,f2b3a8c0b45bb4031f5140261c2a256969b3860fb7d000b0e669de25664412d5,554889e54156534889fb48c70700000000bf00000006e84530ffff84c0744ebf,PUSH RBP,RET
wave1,libSceJson2,libSceJson2-chunk-01.result.tsv,libSceJson2.sprx,1ca532e78ed5e02c553e99ebb01751df6baaefa0bd6481c69db56e08536ba06c,5JmzZt8twAo,_ZN3sce4Json6ObjectD1Ev,function,defined_body,1,5JmzZt8twAo#C#A,0000d520,Label,IMPORTED,0000d520,1siRBursJjw#C#A,false,false,,,true,0000d520,0000d572,83,26,ed305db4cdff8e4c9c824a68c4a5af90d48949a922839922aee666a0097933dd,554889e54156534889fb488b3f4885ff743ce8691600004c8b334c89f7e85e16,PUSH RBP,RET
wave1,libSceJson2,libSceJson2-chunk-01.result.tsv,libSceJson2.sprx,1ca532e78ed5e02c553e99ebb01751df6baaefa0bd6481c69db56e08536ba06c,urOpESTBZmo,_ZN3sce4Json6ObjectaSERKS1_,function,defined_body,1,urOpESTBZmo#C#A,0000e400,Function,IMPORTED,0000e400,urOpESTBZmo#C#A,false,false,,,true,0000e400,0000e446,71,26,7de0779103df11cf8fa177561f1d29f2d2c4dc2fbc1d2365a1ae2aaaeb4a9716,554889e541565348833f004889fb742f48833e004989f67426bf00000006e85d,PUSH RBP,RET
wave1,libSceJson2,libSceJson2-chunk-01.result.tsv,libSceJson2.sprx,1ca532e78ed5e02c553e99ebb01751df6baaefa0bd6481c69db56e08536ba06c,ERuf9y0DY84,_ZN3sce4Json6ObjectixERKNS0_6StringE,function,defined_body,1,ERuf9y0DY84#C#A,0000e450,Function,IMPORTED,0000e450,ERuf9y0DY84#C#A,false,false,,,true,0000e450,0000e68e,575,152,709e43e2ff69923b39238b7b82aaceb599c69d45ebc8a0ad04c017d087ba2d10,554889e54157415641554154534883ec28488b0d185c0000488b01488945d048,PUSH RBP,UD2
wave1,libSceJson2,libSceJson2-chunk-01.result.tsv,libSceJson2.sprx,1ca532e78ed5e02c553e99ebb01751df6baaefa0bd6481c69db56e08536ba06c,cn9svYGWKDQ,_ZN3sce4Json6StringaSERKS1_,function,defined_body,1,cn9svYGWKDQ#C#A,0000af70,Function,IMPORTED,0000af70,cn9svYGWKDQ#C#A,false,false,,,true,0000af70,0000affa,139,47,48a27181a06ce10be1bd004832e746829a71642ec03d5b806af9c42cee329e8b,554889e5415741564154534c8b374889fb4d85f674694c8b3e4d85ff74614d39,PUSH RBP,RET
wave1,libSceJson2,libSceJson2-chunk-01.result.tsv,libSceJson2.sprx,1ca532e78ed5e02c553e99ebb01751df6baaefa0bd6481c69db56e08536ba06c,bAM9Qwofus0,_ZNK3sce4Json5Array4backEv,function,defined_body,1,bAM9Qwofus0#C#A,0000c180,Function,IMPORTED,0000c180,bAM9Qwofus0#C#A,false,false,,,true,0000c180,0000c19d,30,10,c5679ce55c9857ebb6a0698eeb1c6f84869038c4f87c2609eca95e6b0cf63554,488b074885c0740b488b00488b004883c010c3488d05cebe0000488b00c3cccc,"MOV RAX,qword ptr [RDI]",RET
wave1,libSceJson2,libSceJson2-chunk-01.result.tsv,libSceJson2.sprx,1ca532e78ed5e02c553e99ebb01751df6baaefa0bd6481c69db56e08536ba06c,rQGJeNjOuUk,_ZNK3sce4Json5Array4sizeEv,function,defined_body,1,rQGJeNjOuUk#C#A,0000c1c0,Function,IMPORTED,0000c1c0,rQGJeNjOuUk#C#A,false,false,,,true,0000c1c0,0000c1cf,16,7,3fcf24be2c6df57f5ba1a79ab708cb12ade8ed1ecaf99c87f44f60e9c1e845c1,488b074885c07405488b4008c331c0c3554889e54157415653504c8b374d85f6,"MOV RAX,qword ptr [RDI]",RET
wave1,libSceJson2,libSceJson2-chunk-01.result.tsv,libSceJson2.sprx,1ca532e78ed5e02c553e99ebb01751df6baaefa0bd6481c69db56e08536ba06c,IlsmvBtMkak,_ZNK3sce4Json5Value9getObjectEv,function,defined_body,1,IlsmvBtMkak#C#A,000048f0,Function,IMPORTED,000048f0,IlsmvBtMkak#C#A,false,false,,,true,000048f0,00004a4d,350,97,cdd0a2cda43be968d15243369d03c42b6543f42a9daab08083ad79b635801355,554889e541574156534883ec184c8b3d7cf700004889fb498b07488945e08b47,PUSH RBP,UD2
wave1,libSceJson2,libSceJson2-chunk-01.result.tsv,libSceJson2.sprx,1ca532e78ed5e02c553e99ebb01751df6baaefa0bd6481c69db56e08536ba06c,EUH+EmT-v9E,_ZNK3sce4Json6String6lengthEv,function,defined_body,1,EUH+EmT-v9E#C#A,0000ad30,Function,IMPORTED,0000ad30,EUH+EmT-v9E#C#A,false,false,,,true,0000ad30,0000ad3e,15,7,45ba83ea9e98011bf57fd74f25a015b8a80dedaa5ee3ca4271779e2836d0d1cf,488b074885c074048b4008c331c0c3cc488b074885c0741b8b4808488b00488d,"MOV RAX,qword ptr [RDI]",RET
wave1,libSceNpManager,libSceNpManager-chunk-00.result.tsv,libSceNpManager.sprx,2c192ec03cf2b3a8acc24c2aefd98ef8232c2bdbdf2f678deb980397ed48cb72,KfGZg2y73oM,sceNpCheckNpReachability,function,defined_body,1,KfGZg2y73oM#N#A,00018660,Function,IMPORTED,00018660,KfGZg2y73oM#N#A,false,false,,,true,00018660,0001879d,318,90,8afe73dc6cc7079c61987d5a66599d02fc79e7cf2bb4b6c4795584460cc2834d,554889e54157415641554154534883ec384c8b2d484b04004189f789fb41be02,PUSH RBP,UD2
wave1,libSceNpManager,libSceNpManager-chunk-00.result.tsv,libSceNpManager.sprx,2c192ec03cf2b3a8acc24c2aefd98ef8232c2bdbdf2f678deb980397ed48cb72,O80NrhUOPGY,sceNpCheckPremium,function,defined_body,1,O80NrhUOPGY#N#A,00018ba0,Function,IMPORTED,00018ba0,O80NrhUOPGY#N#A,false,false,,,true,00018ba0,00018e3b,668,168,217f9fe0e9fa1f52673c12a2cf8f7ba43c98754610ead1b8f57beec0b9549dcc,554889e54157415641554154534883ec384c8b2d084604004989d64989f789fb,PUSH RBP,JMP 0x00018d32
wave1,libSceNpManager,libSceNpManager-chunk-00.result.tsv,libSceNpManager.sprx,2c192ec03cf2b3a8acc24c2aefd98ef8232c2bdbdf2f678deb980397ed48cb72,+4DegjBqV1g,sceNpGetAccountAge,function,defined_body,1,+4DegjBqV1g#N#A,00017c40,Function,IMPORTED,00017c40,+4DegjBqV1g#N#A,false,false,,,true,00017c40,00017d94,341,95,731211a6a77109c4fdbf1dfb7b01bda9314bcfee4fc15a0681e1f6318c03d1eb,554889e54157415641554154534883ec384c8b2d685504004989d74189f489fb,PUSH RBP,UD2
wave1,libSceNpManager,libSceNpManager-chunk-00.result.tsv,libSceNpManager.sprx,2c192ec03cf2b3a8acc24c2aefd98ef8232c2bdbdf2f678deb980397ed48cb72,P6piso307SE,sceNpNotifyPremiumFeature,function,defined_body,1,P6piso307SE#N#A,00016bc0,Function,IMPORTED,00016bc0,P6piso307SE#N#A,false,false,,,true,00016bc0,00016cd0,273,82,131d8d977e07f1fd065229ff04fbb3c1732a4d783ad81cdacc56cbaef41c56ed,554889e54156534889fb41be02005580e8bb47000084c00f84d20000004885db,PUSH RBP,JMP 0x000247f0
wave1,libSceNpManager,libSceNpManager-chunk-00.result.tsv,libSceNpManager.sprx,2c192ec03cf2b3a8acc24c2aefd98ef8232c2bdbdf2f678deb980397ed48cb72,hw5KNqAAels,sceNpRegisterNpReachabilityStateCallback,function,defined_body,1,hw5KNqAAels#N#A,000163a0,Function,IMPORTED,000163a0,hw5KNqAAels#N#A,false,false,,,true,000163a0,00016487,232,54,dfffbf0071526228482de09272cf980072aaa9973c086f36f2dc899080c29a4d,554889e5415741564154534989f64989ff41bc02005580e8d44f000084c00f84,PUSH RBP,RET
wave1,libSceNpWebApi2,libSceNpWebApi2-chunk-00.result.tsv,libSceNpWebApi2.sprx,9a7099ab99a65f1b818a8e61897ffcb31b02b74d6e0c2765688b4c3b71ed4ca5,zpiPsH7dbFQ,sceNpWebApi2AbortRequest,function,defined_internal_thunk,1,zpiPsH7dbFQ#Q#A,00004ec0,Function,IMPORTED,00004ec0,zpiPsH7dbFQ#Q#A,false,true,00007630:FUN_00007630,false,true,00004ec0,00004ec4,5,1,81da6bb5ac6bc5ecc3c850681013a05a21d0fd1b049169987d1da3fd0595fad8,e96b270000cccccccccccccccccccccce9bb2e0000cccccccccccccccccccccc,JMP 0x00007630,JMP 0x00007630
wave1,libSceNpWebApi2,libSceNpWebApi2-chunk-00.result.tsv,libSceNpWebApi2.sprx,9a7099ab99a65f1b818a8e61897ffcb31b02b74d6e0c2765688b4c3b71ed4ca5,egOOvrnF6mI,sceNpWebApi2AddHttpRequestHeader,function,defined_body,1,egOOvrnF6mI#Q#A,00004e60,Function,IMPORTED,00004e60,egOOvrnF6mI#Q#A,false,false,,,true,00004e60,00004e73,20,6,6dd61f492560151349e3d2c9be57ae515bf8949a5719510e140db11d354a7353,4885f674094885d20f8522260000b802345580c3cccccccccccccccccccccccc,"TEST RSI,RSI",RET
wave1,libSceNpWebApi2,libSceNpWebApi2-chunk-00.result.tsv,libSceNpWebApi2.sprx,9a7099ab99a65f1b818a8e61897ffcb31b02b74d6e0c2765688b4c3b71ed4ca5,3EI-OSJ65Xc,sceNpWebApi2CreateRequest,function,defined_body,1,3EI-OSJ65Xc#Q#A,00004be0,Function,IMPORTED,00004be0,3EI-OSJ65Xc#Q#A,false,false,,,true,00004be0,00004c28,73,27,00ba560e34b6df9e3fad4b5f276534cd082c0b50bd0fc15d9c3ba0d35345abf6,b8023455804885f674384885d274334885c9742e4d89ca4d85c0740d49833800,"MOV EAX,0x80553402",RET
wave1,libSceNpWebApi2,libSceNpWebApi2-chunk-00.result.tsv,libSceNpWebApi2.sprx,9a7099ab99a65f1b818a8e61897ffcb31b02b74d6e0c2765688b4c3b71ed4ca5,vvzWO-DvG1s,sceNpWebApi2DeleteRequest,function,defined_internal_thunk,1,vvzWO-DvG1s#Q#A,00004d60,Function,IMPORTED,00004d60,vvzWO-DvG1s#Q#A,false,true,00005a80:FUN_00005a80,false,true,00004d60,00004d64,5,1,f3e35289cbcb5eaec8ccc5388a9d1ec1b4b421be149f4c3a544d0f6a2637c217,e91b0d0000cccccccccccccccccccccc554889e54156534989c84889d14889f2,JMP 0x00005a80,JMP 0x00005a80
wave1,libSceNpWebApi2,libSceNpWebApi2-chunk-00.result.tsv,libSceNpWebApi2.sprx,9a7099ab99a65f1b818a8e61897ffcb31b02b74d6e0c2765688b4c3b71ed4ca5,9X9+cneTGUU,sceNpWebApi2DeleteUserContext,function,defined_internal_thunk,1,9X9+cneTGUU#Q#A,00004b90,Function,IMPORTED,00004b90,9X9+cneTGUU#Q#A,false,true,00005830:FUN_00005830,false,true,00004b90,00004b94,5,1,bfb15910920ad95e87472fa7569cfe92e624689494dfc8ca8603b16391b6361b,e99b0c0000ccccccccccccccccccccccb8023455804885f6742d4885d2742848,JMP 0x00005830,JMP 0x00005830
wave1,libSceNpWebApi2,libSceNpWebApi2-chunk-00.result.tsv,libSceNpWebApi2.sprx,9a7099ab99a65f1b818a8e61897ffcb31b02b74d6e0c2765688b4c3b71ed4ca5,hksbskNToEA,sceNpWebApi2GetHttpResponseHeaderValue,function,defined_body,1,hksbskNToEA#Q#A,00004ea0,Function,IMPORTED,00004ea0,hksbskNToEA#Q#A,false,false,,,true,00004ea0,00004ebc,29,10,42e801e1eb8bcf6f573eb330ecaf78d22b64e0e1a1938ac80c60ebee6b496281,4885f674124885d2740d4885c974084531c0e9a9260000b802345580c3cccccc,"TEST RSI,RSI",RET
wave1,libSceNpWebApi2,libSceNpWebApi2-chunk-00.result.tsv,libSceNpWebApi2.sprx,9a7099ab99a65f1b818a8e61897ffcb31b02b74d6e0c2765688b4c3b71ed4ca5,HwP3aM+c85c,sceNpWebApi2GetHttpResponseHeaderValueLength,function,defined_body,1,HwP3aM+c85c#Q#A,00004e80,Function,IMPORTED,00004e80,HwP3aM+c85c#Q#A,false,false,,,true,00004e80,00004e9b,28,10,9816c1e9535d0ea9bccdd12a195a56c7ddc6a261db0c054eef2cce25dd219219,4885f674114989d04885d2740931d231c9e9ca260000b802345580c3cccccccc,"TEST RSI,RSI",RET
wave1,libSceNpWebApi2,libSceNpWebApi2-chunk-00.result.tsv,libSceNpWebApi2.sprx,9a7099ab99a65f1b818a8e61897ffcb31b02b74d6e0c2765688b4c3b71ed4ca5,MsaFhR+lPE4,sceNpWebApi2PushEventCreateFilter,function,defined_body,1,MsaFhR+lPE4#Q#A,00007f80,Function,IMPORTED,00007f80,MsaFhR+lPE4#Q#A,false,false,,,true,00007f80,00007ffd,126,49,046987c63670b6e3698a46c834fd620505f6d8f4dea774e088ecacbd4277eeec,554889e5415741564155415453504885d24189cf0f95c083f9ff0f94c184c875,PUSH RBP,RET
wave1,libSceNpWebApi2,libSceNpWebApi2-chunk-00.result.tsv,libSceNpWebApi2.sprx,9a7099ab99a65f1b818a8e61897ffcb31b02b74d6e0c2765688b4c3b71ed4ca5,NNVf18SlbT8,sceNpWebApi2PushEventCreatePushContext,function,defined_body,1,NNVf18SlbT8#Q#A,000080d0,Function,IMPORTED,000080d0,NNVf18SlbT8#Q#A,false,false,,,true,00007b40,000080de,128,43,a319aace75b18634e77b80dbfb3066fe9995ac01cd42bb0644a6d928ad59b8d6,4885f60f8567faffffb802345580c3cc4885f60f85d7faffffb802345580c3cc,PUSH RBP,RET
wave1,libSceNpWebApi2,libSceNpWebApi2-chunk-01.result.tsv,libSceNpWebApi2.sprx,9a7099ab99a65f1b818a8e61897ffcb31b02b74d6e0c2765688b4c3b71ed4ca5,KJdPcOGmK58,sceNpWebApi2PushEventDeleteFilter,function,defined_internal_thunk,1,KJdPcOGmK58#Q#A,00008000,Function,IMPORTED,00008000,KJdPcOGmK58#Q#A,false,true,00007860:FUN_00007860,false,true,00008000,00008004,5,1,bd98cc1d9f94785bfd065c041a2bb6e3b62f6d005aef163d68872fb13534a35d,e95bf8ffffcccccccccccccccccccccc4885d20f8587f8ffffb802345580c3cc,JMP 0x00007860,JMP 0x00007860
wave1,libSceNpWebApi2,libSceNpWebApi2-chunk-01.result.tsv,libSceNpWebApi2.sprx,9a7099ab99a65f1b818a8e61897ffcb31b02b74d6e0c2765688b4c3b71ed4ca5,fIATVMo4Y1w,sceNpWebApi2PushEventDeleteHandle,function,defined_internal_thunk,1,fIATVMo4Y1w#Q#A,00007f70,Function,IMPORTED,00007f70,fIATVMo4Y1w#Q#A,false,true,000077a0:FUN_000077a0,false,true,00007f70,00007f74,5,1,73e800c72f57858b78b33e81688bfcb2650fb77d11796672b2ce6af8a8a94d48,e92bf8ffffcccccccccccccccccccccc554889e5415741564155415453504885,JMP 0x000077a0,JMP 0x000077a0
wave1,libSceNpWebApi2,libSceNpWebApi2-chunk-01.result.tsv,libSceNpWebApi2.sprx,9a7099ab99a65f1b818a8e61897ffcb31b02b74d6e0c2765688b4c3b71ed4ca5,QafxeZM3WK4,sceNpWebApi2PushEventDeletePushContext,function,defined_body,1,QafxeZM3WK4#Q#A,000080e0,Function,IMPORTED,000080e0,QafxeZM3WK4#Q#A,false,false,,,true,00007bc0,000080ee,144,48,9a5be60235a3bc8d9336be8eee4ea9badd12838d5c25e6a9e174f588459798dc,4885f60f85d7faffffb802345580c3cc4885f60f8557fbffffb802345580c3cc,PUSH RBP,RET
wave1,libSceNpWebApi2,libSceNpWebApi2-chunk-01.result.tsv,libSceNpWebApi2.sprx,9a7099ab99a65f1b818a8e61897ffcb31b02b74d6e0c2765688b4c3b71ed4ca5,fY3QqeNkF8k,sceNpWebApi2PushEventRegisterCallback,function,defined_body,1,fY3QqeNkF8k#Q#A,00008010,Function,IMPORTED,00008010,fY3QqeNkF8k#Q#A,false,false,,,true,000078a0,0000801e,212,69,ae0f483691f0381ceb817127cd3223e1cd348775543491b3606d484711076049,4885d20f8587f8ffffb802345580c3cce94bf9ffffcccccccccccccccccccccc,PUSH RBP,RET
wave1,libSceNpWebApi2,libSceNpWebApi2-chunk-01.result.tsv,libSceNpWebApi2.sprx,9a7099ab99a65f1b818a8e61897ffcb31b02b74d6e0c2765688b4c3b71ed4ca5,AAj9X+4aGYA,sceNpWebApi2PushEventStartPushContextCallback,function,defined_body,1,AAj9X+4aGYA#Q#A,000080f0,Function,IMPORTED,000080f0,AAj9X+4aGYA#Q#A,false,false,,,true,00007c50,000080fe,128,43,aed87c9910921053fef8009fed172b9ab3efb39325e28b34c946dae616f6e74f,4885f60f8557fbffffb802345580c3cc554889e55350488d05130002004889fb,PUSH RBP,RET
wave1,libSceNpWebApi2,libSceNpWebApi2-chunk-01.result.tsv,libSceNpWebApi2.sprx,9a7099ab99a65f1b818a8e61897ffcb31b02b74d6e0c2765688b4c3b71ed4ca5,hOnIlcGrO6g,sceNpWebApi2PushEventUnregisterCallback,function,defined_internal_thunk,1,hOnIlcGrO6g#Q#A,00008020,Function,IMPORTED,00008020,hOnIlcGrO6g#Q#A,false,true,00007970:FUN_00007970,false,true,00008020,00008024,5,1,f2020c964c5f5aa5814166170a03f6a731d542d45097b7a25c49573c0365bd65,e94bf9ffffcccccccccccccccccccccce99bfcffffcccccccccccccccccccccc,JMP 0x00007970,JMP 0x00007970
wave1,libSceNpWebApi2,libSceNpWebApi2-chunk-01.result.tsv,libSceNpWebApi2.sprx,9a7099ab99a65f1b818a8e61897ffcb31b02b74d6e0c2765688b4c3b71ed4ca5,OOY9+ObfKec,sceNpWebApi2ReadData,function,defined_body,1,OOY9+ObfKec#Q#A,00004e20,Function,IMPORTED,00004e20,OOY9+ObfKec#Q#A,false,false,,,true,00004e20,000072aa,479,137,a67ac386f352d2de28c8338c8e2076ac2b534d5f1ea7fc1705a61b9257f53607,4885f674094885d20f85b2220000b802345580c3cccccccccccccccccccccccc,"TEST RSI,RSI",RET
wave1,libSceNpWebApi2,libSceNpWebApi2-chunk-01.result.tsv,libSceNpWebApi2.sprx,9a7099ab99a65f1b818a8e61897ffcb31b02b74d6e0c2765688b4c3b71ed4ca5,lQOCF84lvzw,sceNpWebApi2SendRequest,function,defined_body,1,lQOCF84lvzw#Q#A,00004d70,Function,IMPORTED,00004d70,lQOCF84lvzw#Q#A,false,false,,,true,00004d70,00004daa,59,22,2d8b2b3eac955c0813274150a152b128ea972d3382b94a9df3808835e4757a2f,554889e54156534989c84889d14889f231f64889fbe8a60f00004189c685c079,PUSH RBP,RET
wave1,libSceVoice,libSceVoice-chunk-00.result.tsv,libSceVoice.sprx,bacd6c18bde775e27eade58f33460c86a7cad68b5c2716ce12b6bec8bd138df3,oV9GAdJ23Gw,sceVoiceConnectIPortToOPort,function,defined_body,1,oV9GAdJ23Gw#L#A,000196e0,Function,IMPORTED,000196e0,oV9GAdJ23Gw#L#A,false,false,,,true,000196e0,00019787,168,51,ab9f7b1a4cf9f2f21d0c4ac247c7456ff53fd8b2375947a443b184deba4911ad,554889e54157415641554154534883ec484c8b25e8ab00004c8d2d99d0050041,PUSH RBP,UD2
wave1,libSceVoice,libSceVoice-chunk-00.result.tsv,libSceVoice.sprx,bacd6c18bde775e27eade58f33460c86a7cad68b5c2716ce12b6bec8bd138df3,nXpje5yNpaE,sceVoiceCreatePort,function,defined_body,1,nXpje5yNpaE#L#A,00019560,Function,IMPORTED,00019560,nXpje5yNpaE#L#A,false,false,,,true,00019560,00019618,185,55,b219fc0748a3a8d0bf712a7ce30271fd3c289b574e242974d7a94d6f7203c197,554889e54157415641554154534883ec484c8b2568ad00004c8d2d19d2050048,PUSH RBP,UD2
wave1,libSceVoice,libSceVoice-chunk-00.result.tsv,libSceVoice.sprx,bacd6c18bde775e27eade58f33460c86a7cad68b5c2716ce12b6bec8bd138df3,b7kJI+nx2hg,sceVoiceDeletePort,function,defined_body,1,b7kJI+nx2hg#L#A,00019840,Function,IMPORTED,00019840,b7kJI+nx2hg#L#A,false,false,,,true,00019840,000198d4,149,45,d37c491001410b38809058addfb56e0df487181e72cde5b178d76d959b30f09b,554889e5415741564154534883ec504c8b3d8aaa00004c8d253bcf05004189fe,PUSH RBP,UD2
wave1,libSceVoice,libSceVoice-chunk-00.result.tsv,libSceVoice.sprx,bacd6c18bde775e27eade58f33460c86a7cad68b5c2716ce12b6bec8bd138df3,ajVj3QG2um4,sceVoiceDisconnectIPortFromOPort,function,defined_body,1,ajVj3QG2um4#L#A,00019790,Function,IMPORTED,00019790,ajVj3QG2um4#L#A,false,false,,,true,00019790,00019837,168,51,cf4b635c967d3658d12a28f7eb547477e5b009e542be9b759cbd4ef4d2c5b0bb,554889e54157415641554154534883ec484c8b2538ab00004c8d2de9cf050041,PUSH RBP,UD2
wave1,libSceVoice,libSceVoice-chunk-00.result.tsv,libSceVoice.sprx,bacd6c18bde775e27eade58f33460c86a7cad68b5c2716ce12b6bec8bd138df3,Oo0S5PH7FIQ,sceVoiceEnd,function,defined_body,1,Oo0S5PH7FIQ#L#A,00017b40,Function,IMPORTED,00017b40,Oo0S5PH7FIQ#L#A,false,false,,,true,00017b40,00017be0,161,42,707da8449763290258462186bfa24438a89de439833153e3fbb5730a8adf9f0a,554889e54156534883ec504c8b358ec70000498b06488945e8488b3d38ec0500,PUSH RBP,UD2
wave1,libSceVoice,libSceVoice-chunk-00.result.tsv,libSceVoice.sprx,bacd6c18bde775e27eade58f33460c86a7cad68b5c2716ce12b6bec8bd138df3,cJLufzou6bc,sceVoiceGetBitRate,function,defined_body,1,cJLufzou6bc#L#A,00018890,Function,IMPORTED,00018890,cJLufzou6bc#L#A,false,false,,,true,00018890,00018947,184,56,e43f47255c805cbc85f25543c72ac0a12488eef8184b22ca96c113f4cac2ae44,554889e54157415641554154534883ec484c8b2538ba00004c8d2de9de050041,PUSH RBP,UD2
wave1,libSceVoice,libSceVoice-chunk-00.result.tsv,libSceVoice.sprx,bacd6c18bde775e27eade58f33460c86a7cad68b5c2716ce12b6bec8bd138df3,elcxZTEfHZM,sceVoiceGetPortAttr,function,defined_body,1,elcxZTEfHZM#L#A,00018a10,Function,IMPORTED,00018a10,elcxZTEfHZM#L#A,false,false,,,true,00018a10,00018b61,338,99,b7ac0ef3646b82f31c20ed99ce5de5861b167a007ab25a6182a9aea012cddbde,554889e54157415641554154534883ec484989d6488b15b5b800004189f4488d,PUSH RBP,UD2
wave1,libSceVoice,libSceVoice-chunk-00.result.tsv,libSceVoice.sprx,bacd6c18bde775e27eade58f33460c86a7cad68b5c2716ce12b6bec8bd138df3,CrLqDwWLoXM,sceVoiceGetPortInfo,function,defined_body,1,CrLqDwWLoXM#L#A,00019970,Function,IMPORTED,00019970,CrLqDwWLoXM#L#A,false,false,,,true,00019970,000199c2,83,24,1745d0ef17b1d5be4f236ad5d93c0cac4dbfa8fa8dd1d3f16630032fcd89121d,488d0521ce0500488b084885c9741e488d053a2001004889f280b860e3030000,"LEA RAX,[0x76798]",RET
wave1,libSceVoice,libSceVoice-chunk-00.result.tsv,libSceVoice.sprx,bacd6c18bde775e27eade58f33460c86a7cad68b5c2716ce12b6bec8bd138df3,9TrhuGzberQ,sceVoiceInit,function,defined_body,1,9TrhuGzberQ#L#A,00017a90,Function,IMPORTED,00017a90,9TrhuGzberQ#L#A,false,false,,,true,00017a90,00017b36,167,43,5f10f6bcdd0e6748e9632b2399819de74ca97e7df2185ed6f6dc3908dff92a40,554889e5534883ec48488b1d40c80000488b03488945f0b802084e8048833de4,PUSH RBP,UD2
wave1,libSceVoice,libSceVoice-chunk-01.result.tsv,libSceVoice.sprx,bacd6c18bde775e27eade58f33460c86a7cad68b5c2716ce12b6bec8bd138df3,cQ6DGsQEjV4,sceVoiceReadFromOPort,function,defined_body,1,cQ6DGsQEjV4#L#A,00019930,Function,IMPORTED,00019930,cQ6DGsQEjV4#L#A,false,false,,,true,00019930,0001996f,64,20,1efe8462cccacdc6e9767773588d6b194bee2377941f66f8382080bd75b6501c,488d0561ce05004c8b004d85c0742bb804084e8083ff7f77204889d14889f2b8,"LEA RAX,[0x76798]",RET
wave1,libSceVoice,libSceVoice-chunk-01.result.tsv,libSceVoice.sprx,bacd6c18bde775e27eade58f33460c86a7cad68b5c2716ce12b6bec8bd138df3,clyKUyi3RYU,sceVoiceSetThreadsParams,function,defined_body,1,clyKUyi3RYU#L#A,00017e60,Function,IMPORTED,00017e60,clyKUyi3RYU#L#A,false,false,,,true,00017e60,00017ef6,151,42,f9cd5c60af471e0a5de71f4d39836f4560697005f42be6bb570bc32b59356204,554889e54156534883ec504c8b356ec400004889fb498b06488945e8488b3d15,PUSH RBP,UD2
wave1,libSceVoice,libSceVoice-chunk-01.result.tsv,libSceVoice.sprx,bacd6c18bde775e27eade58f33460c86a7cad68b5c2716ce12b6bec8bd138df3,QBFoAIjJoXQ,sceVoiceSetVolume,function,defined_body,1,QBFoAIjJoXQ#L#A,00018650,Function,IMPORTED,00018650,QBFoAIjJoXQ#L#A,false,false,,,true,00018650,00018713,196,57,e02d26f1b5833ecbb7c53f6d324f4c81064daf99d9ccf4c9e08d4ae0a2753db7,554889e5415741564154534883ec504c8b3d7abc00004c8d252be105004189fe,PUSH RBP,UD2
wave1,libSceVoice,libSceVoice-chunk-01.result.tsv,libSceVoice.sprx,bacd6c18bde775e27eade58f33460c86a7cad68b5c2716ce12b6bec8bd138df3,54phPH2LZls,sceVoiceStart,function,defined_body,1,54phPH2LZls#L#A,00017bf0,Function,IMPORTED,00017bf0,54phPH2LZls#L#A,false,false,,,true,00017bf0,00017c94,165,46,bb9760d96ca663fc2d8f79bd713e2b909eb6ebbeb52b60500fef3666fd15a6ab,554889e541574156534883ec484c8b3ddcc600004989fe498b07488945e0488b,PUSH RBP,UD2
wave1,libSceVoice,libSceVoice-chunk-01.result.tsv,libSceVoice.sprx,bacd6c18bde775e27eade58f33460c86a7cad68b5c2716ce12b6bec8bd138df3,Ao2YNSA7-Qo,sceVoiceStop,function,defined_body,1,Ao2YNSA7-Qo#L#A,00017ca0,Function,IMPORTED,00017ca0,Ao2YNSA7-Qo#L#A,false,false,,,true,00017ca0,00017d23,132,36,4a041c39c75b0c345de17382ca9be91459c61a71c4af6fccaabc239eb852c5cd,554889e54156534883ec504c8b352ec60000498b06488945e8488b3dd8ea0500,PUSH RBP,UD2
wave1,libSceVoice,libSceVoice-chunk-01.result.tsv,libSceVoice.sprx,bacd6c18bde775e27eade58f33460c86a7cad68b5c2716ce12b6bec8bd138df3,YeJl6yDlhW0,sceVoiceWriteToIPort,function,defined_body,1,YeJl6yDlhW0#L#A,000198e0,Function,IMPORTED,000198e0,YeJl6yDlhW0#L#A,false,false,,,true,000198e0,00019926,71,22,4b639e473b0c4cf0f41551231a84d44631d2d6e01854ea51db0ab9e621370765,488d05b1ce05004c8b104d85d27432b804084e8083ff7f77274989d14889f2b8,"LEA RAX,[0x76798]",RET
wave2,libSceAjm,libSceAjm-chunk-00.result.tsv,libSceAjm.sprx,c7f70f6582a315df1f1f5541100bf83c78f179ce8736e6a2dca39acc0ee1c95e,39WxhR-ePew,sceAjmBatchJobDecode,function,missing_symbol,0,,,,,,,,,,,,,,,,,,,
wave2,libSceAjm,libSceAjm-chunk-00.result.tsv,libSceAjm.sprx,c7f70f6582a315df1f1f5541100bf83c78f179ce8736e6a2dca39acc0ee1c95e,5tOfnaClcqM,sceAjmBatchStart,function,missing_symbol,0,,,,,,,,,,,,,,,,,,,
wave2,libSceAjm,libSceAjm-chunk-00.result.tsv,libSceAjm.sprx,c7f70f6582a315df1f1f5541100bf83c78f179ce8736e6a2dca39acc0ee1c95e,-qLsfDAywIY,sceAjmBatchWait,function,defined_body,1,-qLsfDAywIY#C#A,00000880,Function,IMPORTED,00000880,-qLsfDAywIY#C#A,false,false,,,true,00000880,00000936,183,53,70c588f1f34ccdeab5210e96a0aa22d4b57ab4ebf8950de438deec34ebd8f8ba,554889e54156534883ec304c8b35fe790000498b06488945e88975c88955cc48,PUSH RBP,UD2
wave2,libSceGameLiveStreaming,libSceGameLiveStreaming-chunk-00.result.tsv,libSceGameLiveStreaming.sprx,93b31789fc637b0fa3f4c7fd9364f21130958583bfb10c717c222dac9fc3c369,kvYEw2lBndk,sceGameLiveStreamingInitialize,function,defined_body,1,kvYEw2lBndk#H#A,000013e0,Function,IMPORTED,000013e0,kvYEw2lBndk#H#A,false,false,,,true,000013e0,000015c7,488,108,37461092d566ab0b844991d3f3792237bcaf49a773eb13f436a4fc1c0b8d96c0,554889e541574156534883ec384c8b3d04ad0000bb0200a080498b07488945e0,PUSH RBP,UD2
wave2,libSceGameLiveStreaming,libSceGameLiveStreaming-chunk-00.result.tsv,libSceGameLiveStreaming.sprx,93b31789fc637b0fa3f4c7fd9364f21130958583bfb10c717c222dac9fc3c369,9yK6Fk8mKOQ,sceGameLiveStreamingTerminate,function,defined_body,1,9yK6Fk8mKOQ#H#A,00001340,Function,IMPORTED,00001340,9yK6Fk8mKOQ#H#A,false,false,,,true,00001340,000013cb,140,31,234d251cc196b2492b549670b9a436aee17e519ce43f9b110ae55ad16a3858ce,554889e55350488d3d53ee0000e80ef9ffffe849faffff803d9aee000001bb04,PUSH RBP,RET
wave2,libSceNet,libSceNet-chunk-00.result.tsv,libSceNet.sprx,c04e1735a3f80a502c120610a43d0d37741f7ef90040d6b9d3346cc43988c64d,hLuXdjHnhiI,sceNetGetSockInfo,function,defined_body,1,hLuXdjHnhiI#C#A,00004180,Function,IMPORTED,00004180,hLuXdjHnhiI#C#A,false,false,,,true,00004180,00004191,18,4,6ba5aac6a5fb5de9b53c55809a30651260b326354777a11ca2649480c655edcc,f7c1001003000f8494310000b816014180c3cccccccccccccccccccccccccccc,"TEST ECX,0x31000",RET
wave2,libSceNet,libSceNet-chunk-00.result.tsv,libSceNet.sprx,c04e1735a3f80a502c120610a43d0d37741f7ef90040d6b9d3346cc43988c64d,8Kcp5d-q1Uo,sceNetInetPton,function,defined_body,1,8Kcp5d-q1Uo#C#A,000034a0,Function,IMPORTED,000034a0,8Kcp5d-q1Uo#C#A,false,false,,,true,000034a0,000034a9,10,2,1a4f9482c2d96875c26eedbc2d5976d6ba0e1cf259e90f48355b76331ed4934c,b901000000e946370000cccccccccccce90b370000cccccccccccccccccccccc,"MOV ECX,0x1",JMP 0x00006bf0
wave2,libSceNet,libSceNet-chunk-00.result.tsv,libSceNet.sprx,c04e1735a3f80a502c120610a43d0d37741f7ef90040d6b9d3346cc43988c64d,9wO9XrMsNhc,sceNetRecv,function,defined_body,1,9wO9XrMsNhc#C#A,00004320,Function,IMPORTED,00004320,9wO9XrMsNhc#C#A,false,false,,,true,00004320,0000432a,11,3,5757e76eb9cc5773185071d3d6fdf41314f1ecc775277acf7ab6a28acccfa3d2,4531c04531c9e945380000cccccccccce9cb390000cccccccccccccccccccccc,"XOR R8D,R8D",JMP 0x00007b70
wave2,libSceNet,libSceNet-chunk-00.result.tsv,libSceNet.sprx,c04e1735a3f80a502c120610a43d0d37741f7ef90040d6b9d3346cc43988c64d,Nd91WaWmG2w,sceNetResolverStartNtoa,function,defined_body,1,Nd91WaWmG2w#C#A,00003610,Function,IMPORTED,00003610,Nd91WaWmG2w#C#A,false,false,,,true,00003610,000036f5,230,65,f7313eabbaaea05f2b76bfb95e11ae50a4503cdec0093c8516f2e518d1f39ba0,554889e541574156415541545350833d7b0a04000074674189cf4989d44989f5,PUSH RBP,RET
wave2,libSceNet,libSceNet-chunk-00.result.tsv,libSceNet.sprx,c04e1735a3f80a502c120610a43d0d37741f7ef90040d6b9d3346cc43988c64d,beRjXBn-z+o,sceNetSend,function,defined_body,1,beRjXBn-z+o#C#A,000042f0,Function,IMPORTED,000042f0,beRjXBn-z+o#C#A,false,false,,,true,000042f0,000042fa,11,3,a0858649c4d847285e2a2370be87552b899cf45dd5fcde92b3c867524c4668c7,4531c04531c9e935360000cccccccccce9bb370000cccccccccccccccccccccc,"XOR R8D,R8D",JMP 0x00007930
wave2,libSceNetCtl,libSceNetCtl-chunk-00.result.tsv,libSceNetCtl.sprx,8ef1a46c912528979daa7dad7bee48df808793f3aede0545b0453d19ecf7c38b,0cBgduPRR+M,sceNetCtlGetResult,function,defined_body,1,0cBgduPRR+M#H#A,000032d0,Function,IMPORTED,000032d0,0cBgduPRR+M#H#A,false,false,,,true,000032d0,000032f9,42,11,887f9e4a09fae7c9e3732f07a280ddfa25705a28be9eab9a32a2ff1f5ff5fc7b,803d59cd000001b801214180751b4889f24885f6740e89fe488b3d39cd0000e9,"CMP byte ptr [0x00010030],0x1",RET
wave2,libSceNetCtl,libSceNetCtl-chunk-00.result.tsv,libSceNetCtl.sprx,8ef1a46c912528979daa7dad7bee48df808793f3aede0545b0453d19ecf7c38b,Z4wwCFiBELQ,sceNetCtlTerm,function,defined_body,1,Z4wwCFiBELQ#H#A,00002110,Function,IMPORTED,00002110,Z4wwCFiBELQ#H#A,false,false,,,true,00002110,00002110,1,1,ae3f4619b0413d70d3004b9131c3752153074e45725be13b9a148978895e359e,c3cccccccccccccccccccccccccccccc4885ff740a31c048893d92f60000c3b8,RET,RET
wave2,libSceNetCtl,libSceNetCtl-chunk-00.result.tsv,libSceNetCtl.sprx,8ef1a46c912528979daa7dad7bee48df808793f3aede0545b0453d19ecf7c38b,Rqm2OnZMCz0,sceNetCtlUnregisterCallback,function,defined_body,1,Rqm2OnZMCz0#H#A,000025c0,Function,IMPORTED,000025c0,Rqm2OnZMCz0#H#A,false,false,,,true,000025c0,00002632,115,32,19d5577e981c34c97771bb4458db17723f96efbf1448b46c63f09f7e68f72be4,554889e541565389fb488d3d50da0000e8bb37000085c07855803d50da000001,PUSH RBP,RET
wave2,libSceNpAuth,libSceNpAuth-chunk-00.result.tsv,libSceNpAuth.sprx,8492348ec1cf7be009b7b5f80a52b71ebb04e73998e55e26b2e03aac8e01edda,cE7wIsqXdZ8,sceNpAuthAbortRequest,function,defined_body,1,cE7wIsqXdZ8#E#A,00002580,Function,IMPORTED,00002580,cE7wIsqXdZ8#E#A,false,false,,,true,00002580,000025a9,42,18,fb6b206b9aab4d5f2166665f4eabc1c16c315788c32c034564327fb028ba9352,554889e5535089fbe853ddffff84c0740d89df4883c4085b5de9d2e9ffffb802,PUSH RBP,RET
wave2,libSceNpAuth,libSceNpAuth-chunk-00.result.tsv,libSceNpAuth.sprx,8492348ec1cf7be009b7b5f80a52b71ebb04e73998e55e26b2e03aac8e01edda,N+mr7GjTvr8,sceNpAuthCreateAsyncRequest,function,defined_body,1,N+mr7GjTvr8#E#A,00002500,Function,IMPORTED,00002500,N+mr7GjTvr8#E#A,false,false,,,true,00002500,0000254c,77,27,b18b99628a9671b6a7a43c37c8a733fd7ad6f43e02600704888565577feecfd3,554889e54156534889fb41be02005580e8cbddffff84c0742c4885db74214883,PUSH RBP,RET
wave2,libSceNpAuth,libSceNpAuth-chunk-00.result.tsv,libSceNpAuth.sprx,8492348ec1cf7be009b7b5f80a52b71ebb04e73998e55e26b2e03aac8e01edda,H8wG9Bk-nPc,sceNpAuthDeleteRequest,function,defined_body,1,H8wG9Bk-nPc#E#A,00002550,Function,IMPORTED,00002550,H8wG9Bk-nPc#E#A,false,false,,,true,00002550,00002579,42,18,daa4536b3cb8f152077e4f87d0c88351da4e154b2baeb99163e8615541cf36b7,554889e5535089fbe883ddffff84c0740d89df4883c4085b5de9a2eaffffb802,PUSH RBP,RET
wave2,libSceNpAuth,libSceNpAuth-chunk-00.result.tsv,libSceNpAuth.sprx,8492348ec1cf7be009b7b5f80a52b71ebb04e73998e55e26b2e03aac8e01edda,KI4dHLlTNl0,sceNpAuthGetAuthorizationCodeV3,function,defined_body,1,KI4dHLlTNl0#E#A,00002830,Function,IMPORTED,00002830,KI4dHLlTNl0#E#A,false,false,,,true,00002830,0000286f,64,24,c3c744a13dafc3ab639bdc1c5c61a5b9461f1dc72e383d25774271484003e31c,554889e5415741564154534889cb4989d64989f74189fce8e40b000083f801ba,PUSH RBP,JMP 0x00002870
wave2,libSceNpAuth,libSceNpAuth-chunk-00.result.tsv,libSceNpAuth.sprx,8492348ec1cf7be009b7b5f80a52b71ebb04e73998e55e26b2e03aac8e01edda,gjSyfzSsDcE,sceNpAuthPollAsync,function,defined_body,1,gjSyfzSsDcE#E#A,00002790,Function,IMPORTED,00002790,gjSyfzSsDcE#E#A,false,false,,,true,00002790,00002823,148,47,f6de95f111df7e938b737e5512f72bbf8332eb6649b86738b3908845bca16aab,554889e5415741564154534883ec104c8b25725800004889f34189fe41bf0200,PUSH RBP,UD2
wave2,libSceNpEntitlementAccess,libSceNpEntitlementAccess-chunk-00.result.tsv,libSceNpEntitlementAccess.sprx,13fbe892dbdea424b46d2c65fdf8b82441516f4dc7089c55bb4e00fc3df68820,HFcQl9TMcFQ,sceNpEntitlementAccessAbortRequest,function,defined_body,1,HFcQl9TMcFQ#D#A,00001140,Function,IMPORTED,00001140,HFcQl9TMcFQ#D#A,false,false,,,true,00001140,0000114e,15,3,a7dc2d73a3c1834c197e38aaaa1c8b26ca4ef4f6c8f328e41a1719adb173f546,4889fe488d3dceae0000e9311a0000cc4889fe488d3dbeae0000e9811a0000cc,"MOV RSI,RDI",JMP 0x00002b80
wave2,libSceNpEntitlementAccess,libSceNpEntitlementAccess-chunk-00.result.tsv,libSceNpEntitlementAccess.sprx,13fbe892dbdea424b46d2c65fdf8b82441516f4dc7089c55bb4e00fc3df68820,Z0eQj8m7XA8,sceNpEntitlementAccessDeleteRequest,function,defined_body,1,Z0eQj8m7XA8#D#A,00001130,Function,IMPORTED,00001130,Z0eQj8m7XA8#D#A,false,false,,,true,00001130,0000113e,15,3,a997e7cbdd37a16146621bf6947460b655e23da7d6542ed0f5c4bae387261930,4889fe488d3ddeae0000e9e1190000cc4889fe488d3dceae0000e9311a0000cc,"MOV RSI,RDI",JMP 0x00002b20
wave2,libSceNpEntitlementAccess,libSceNpEntitlementAccess-chunk-00.result.tsv,libSceNpEntitlementAccess.sprx,13fbe892dbdea424b46d2c65fdf8b82441516f4dc7089c55bb4e00fc3df68820,IQtb-TaIjSM,sceNpEntitlementAccessGenerateTransactionId,function,defined_body,1,IQtb-TaIjSM#D#A,00000ef0,Function,IMPORTED,00000ef0,IQtb-TaIjSM#D#A,false,false,,,true,00000ef0,00000efe,15,3,7e0fa23ec1d4658822120d2d28414fd29070d708a34e12cab68508c6a3de8c58,4889fe488d3d1eb10000e9810b0000cc554889e54883ec104489c04989c84889,"MOV RSI,RDI",JMP 0x00001a80
wave2,libSceNpEntitlementAccess,libSceNpEntitlementAccess-chunk-00.result.tsv,libSceNpEntitlementAccess.sprx,13fbe892dbdea424b46d2c65fdf8b82441516f4dc7089c55bb4e00fc3df68820,69u+XqsoNd0,sceNpEntitlementAccessPollConsumeEntitlement,function,defined_body,1,69u+XqsoNd0#D#A,00000f90,Function,IMPORTED,00000f90,69u+XqsoNd0#D#A,false,false,,,true,00000f90,00000fa4,21,5,b39cfcaada9eabfe52519c59e293f2061574ba95fbcedba4584970c8cdd0f38c,4889d14889f24889fe488d3d78b00000e95b0f0000cccccccccccccccccccccc,"MOV RCX,RDX",JMP 0x00001f00
wave2,libSceNpEntitlementAccess,libSceNpEntitlementAccess-chunk-00.result.tsv,libSceNpEntitlementAccess.sprx,13fbe892dbdea424b46d2c65fdf8b82441516f4dc7089c55bb4e00fc3df68820,eOxGbG3sPb0,sceNpEntitlementAccessRequestConsumeUnifiedEntitlement,function,defined_body,1,eOxGbG3sPb0#D#A,00000f30,Function,IMPORTED,00000f30,eOxGbG3sPb0#D#A,false,false,,,true,00000f30,00000f5d,46,15,90179a90a9f7469f0bdf292aeb585d22dcfd589b6a56d2e07915cb17e0203ba5,554889e54883ec104489c04989c84889d189f289fe488d3dccb000004c890c24,PUSH RBP,RET
wave2,libSceNpGameIntent,libSceNpGameIntent-chunk-00.result.tsv,libSceNpGameIntent.sprx,7b8533f64300c45e45db6fb120c2609a3fcda7b05b0052aecc9a080c77b771ad,rPl0INNc-M8,sceNpGameIntentGetPropertyValueString,function,defined_body,1,rPl0INNc-M8#H#A,00000960,Function,IMPORTED,00000960,rPl0INNc-M8#H#A,false,false,,,true,00000960,00000a43,228,67,2ebab8dba3611f38f8cc88a33ec3a6b3735d28f18f68b2981cf477d37680ac2b,554889e5415741564154534881ecd00700004c8b2577b7000041be0238558049,PUSH RBP,UD2
wave2,libSceNpGameIntent,libSceNpGameIntent-chunk-00.result.tsv,libSceNpGameIntent.sprx,7b8533f64300c45e45db6fb120c2609a3fcda7b05b0052aecc9a080c77b771ad,jEIXUAr9XE8,sceNpGameIntentReceiveIntent,function,defined_body,1,jEIXUAr9XE8#H#A,00000900,Function,IMPORTED,00000900,jEIXUAr9XE8#H#A,false,false,,,true,00000900,00000959,90,29,48a9a47aa4a66286c985c462164d96a544708dfabab434d8961d60953af45b5a,803d82f7000001b802385580754b554889e553504889fbb8043855804885ff74,"CMP byte ptr [0x00010089],0x1",RET
wave2,libSceNpGameIntent,libSceNpGameIntent-chunk-00.result.tsv,libSceNpGameIntent.sprx,7b8533f64300c45e45db6fb120c2609a3fcda7b05b0052aecc9a080c77b771ad,0HBYxYAjmf0,sceNpGameIntentTerminate,function,defined_body,1,0HBYxYAjmf0#H#A,000008d0,Function,IMPORTED,000008d0,0HBYxYAjmf0#H#A,false,false,,,true,000008d0,000008f9,42,12,922500d5316d989863c80115ce05f73c503289a833cef7c2930dcc9839ee4544,803db2f7000001b802385580751b554889e5e8392600004889c7e8b127000031,"CMP byte ptr [0x00010089],0x1",RET
wave2,libSceNpUniversalDataSystem,libSceNpUniversalDataSystem-chunk-00.result.tsv,libSceNpUniversalDataSystem.sprx,0ae12163797cb01f26cca884db98b3a4b137c84143e173021676e854da9ca6bb,jZCqWFgMehE,sceNpUniversalDataSystemAbortHandle,function,defined_body,1,jZCqWFgMehE#I#A,00001b70,Function,IMPORTED,00001b70,jZCqWFgMehE#I#A,false,false,,,true,00001b70,00001c6d,254,73,6474be0a57d9d42abf41a80a8ce17ea30efe440b37a1b62510a0148ed5c4a153,554889e5415741564154534883ec104c8b25626701004189fe488d3d60390100,PUSH RBP,UD2
wave2,libSceNpUniversalDataSystem,libSceNpUniversalDataSystem-chunk-00.result.tsv,libSceNpUniversalDataSystem.sprx,0ae12163797cb01f26cca884db98b3a4b137c84143e173021676e854da9ca6bb,wB7IWzGp2v0,sceNpUniversalDataSystemDestroyContext,function,defined_body,1,wB7IWzGp2v0#I#A,000017c0,Function,IMPORTED,000017c0,wB7IWzGp2v0#I#A,false,false,,,true,000017c0,000018ff,320,93,250d6fb0f4494dc860e2f402e3fdce96811a27c0540f3816a6cc2dcd750dab93,554889e5415741564154534883ec104c8b25126b010089fb488d3d7b3d010049,PUSH RBP,UD2
wave2,libSceNpUniversalDataSystem,libSceNpUniversalDataSystem-chunk-00.result.tsv,libSceNpUniversalDataSystem.sprx,0ae12163797cb01f26cca884db98b3a4b137c84143e173021676e854da9ca6bb,JmgwKm96Lq4,sceNpUniversalDataSystemEventPropertyArraySetFloat32,function,defined_body,1,JmgwKm96Lq4#I#A,00002400,Function,IMPORTED,00002400,JmgwKm96Lq4#I#A,false,false,,,true,00002400,0000246b,108,35,baca83c10e2f4122cb9993a12a17ec482a7717df0548bbe61c41af808239f2f7,554889e54156534883ec104989fe488d3da6290100c5fa1145ece8f14e0000e8,PUSH RBP,RET
wave2,libSceNpUniversalDataSystem,libSceNpUniversalDataSystem-chunk-00.result.tsv,libSceNpUniversalDataSystem.sprx,0ae12163797cb01f26cca884db98b3a4b137c84143e173021676e854da9ca6bb,YE4dbtbz6OE,sceNpUniversalDataSystemEventPropertyObjectSetInt32,function,defined_body,1,YE4dbtbz6OE#I#A,000031c0,Function,IMPORTED,000031c0,YE4dbtbz6OE#I#A,false,false,,,true,000031c0,0000324f,144,50,db2b99d20d2e58e2c1f034376c127eb518122d100ada0a6acbee782b1282605f,554889e5415741564155415453504989ff488d3d3a1f010089d34989f6e82e41,PUSH RBP,RET
wave2,libSceNpUniversalDataSystem,libSceNpUniversalDataSystem-chunk-00.result.tsv,libSceNpUniversalDataSystem.sprx,0ae12163797cb01f26cca884db98b3a4b137c84143e173021676e854da9ca6bb,47UAEuQl+iI,sceNpUniversalDataSystemTerminate,function,defined_body,1,47UAEuQl+iI#I#A,00001d00,Function,IMPORTED,00001d00,47UAEuQl+iI#I#A,false,false,,,true,00001d00,00001d44,69,20,834e6d5a834f015370445d82ae8eaa458f6dc49dc2c4a2eaa8979786a68d03c7,554889e55350488d3dc92d0100e8fe550000803d68a3010001bb17315580750e,PUSH RBP,RET
wave2,libSceNpUtility,libSceNpUtility-chunk-00.result.tsv,libSceNpUtility.sprx,80f7cedc7007c3f8dd0d2ecb6db7a005e1e76216bef7b932d81913585c80e572,kvdMF48mB3Y,sceNpBandwidthTestAbort,function,defined_body,1,kvdMF48mB3Y#K#A,00008920,Function,IMPORTED,00008920,kvdMF48mB3Y#K#A,false,false,,,true,00008920,00008926,7,2,120849cee917f69f28374db65c105c66e7dfaeac8c172346d11815cb571f14c3,31f6e939110000cccccccccccccccccc31c048893d37b6020048c70534b60200,"XOR ESI,ESI",JMP 0x00009a60
wave2,libSceNpUtility,libSceNpUtility-chunk-00.result.tsv,libSceNpUtility.sprx,80f7cedc7007c3f8dd0d2ecb6db7a005e1e76216bef7b932d81913585c80e572,BYIZGKm6bO4,sceNpBandwidthTestGetStatus,function,defined_body,1,BYIZGKm6bO4#K#A,00008910,Function,IMPORTED,00008910,BYIZGKm6bO4#K#A,false,false,,,true,00008910,00009a5e,206,61,0b2abfc4d885bf64ad51ab50aa1478caba27f9f27cfc846446f53822ff716d6d,4885f60f8587100000b8051f5580c3cc31f6e939110000cccccccccccccccccc,"TEST RSI,RSI",RET
wave2,libSceNpUtility,libSceNpUtility-chunk-00.result.tsv,libSceNpUtility.sprx,80f7cedc7007c3f8dd0d2ecb6db7a005e1e76216bef7b932d81913585c80e572,hqzi1IHdQQQ,sceNpBandwidthTestInitStartDownload,function,defined_body,1,hqzi1IHdQQQ#K#A,000087f0,Function,IMPORTED,000087f0,hqzi1IHdQQQ#K#A,false,false,,,true,000087f0,00008824,53,22,25a4d237180dcdc5fcbfc3faacd30fc0dddb5a0569762a596fb67a6c862c3d7c,554889e541565389f34989fee85f13000085c074055b415e5dc3bf040000004c,PUSH RBP,JMP 0x00008990
wave2,libSceNpUtility,libSceNpUtility-chunk-00.result.tsv,libSceNpUtility.sprx,80f7cedc7007c3f8dd0d2ecb6db7a005e1e76216bef7b932d81913585c80e572,mA0zsbqm+kA,sceNpBandwidthTestInitStartUpload,function,defined_body,1,mA0zsbqm+kA#K#A,000087b0,Function,IMPORTED,000087b0,mA0zsbqm+kA#K#A,false,false,,,true,000087b0,000087e4,53,22,8b2cf30c01e3b5c03d7ad377af9b05e5c20feccd09e067f7f89b0713ad4b7944,554889e541565389f34989fee89f13000085c074055b415e5dc3bf030000004c,PUSH RBP,JMP 0x00008990
wave2,libSceNpUtility,libSceNpUtility-chunk-00.result.tsv,libSceNpUtility.sprx,80f7cedc7007c3f8dd0d2ecb6db7a005e1e76216bef7b932d81913585c80e572,pLr1fEQS1z8,sceNpBandwidthTestShutdown,function,defined_body,1,pLr1fEQS1z8#K#A,000088d0,Function,IMPORTED,000088d0,pLr1fEQS1z8#K#A,false,false,,,true,000088d0,000088e3,20,7,8bc2244d36c0f00e522aad7bc66877e52abfcfb75a49ca1f2d442e6b6f158d0f,4885f6740931d231c9e9e20a0000b8051f5580c3cccccccccccccccccccccccc,"TEST RSI,RSI",RET
wave2,libScePlayerInvitationDialog,libScePlayerInvitationDialog-chunk-00.result.tsv,libScePlayerInvitationDialog.sprx,1c2924a5c0fa156299cda9e9ba55433690f7372f809464c0fc4ba6e33d3a569b,gDm5a6GSE94,scePlayerInvitationDialogTerminate,function,defined_body,1,gDm5a6GSE94#F#A,00000650,Function,IMPORTED,00000650,gDm5a6GSE94#F#A,false,false,,,true,00000650,0000069c,77,22,f588ce6834af24e75e90a09a5982623072ad70f86c3f1921acefeb6eea2fb6e2,554889e55350488d3dbbb90000e86e010000488b3db7b900004885ff7415488b,PUSH RBP,RET
wave2,libScePlayerInvitationDialog,libScePlayerInvitationDialog-chunk-00.result.tsv,libScePlayerInvitationDialog.sprx,1c2924a5c0fa156299cda9e9ba55433690f7372f809464c0fc4ba6e33d3a569b,kFhuwHrIUqs,scePlayerInvitationDialogUpdateStatus,function,defined_body,1,kFhuwHrIUqs#F#A,00000430,Function,IMPORTED,00000430,kFhuwHrIUqs#F#A,false,false,,,true,00000430,000004a7,120,33,1255b1f879acf89d0509db882e1c8dd8400bddd663a60b58ac738c02827bdb77,554889e55350488d3ddbbb0000e88e030000488b3dd7bb00004885ff7443e82d,PUSH RBP,RET
wave2,libSceRemoteplay,libSceRemoteplay-chunk-00.result.tsv,libSceRemoteplay.sprx,7c33fa5c41b065bf7a3577dbb968af192dbc7768a84e706e2a98dcfa0d501d59,g3PNjYKWqnQ,sceRemoteplayGetConnectionStatus,function,defined_body,1,g3PNjYKWqnQ#D#A,00001b30,Function,IMPORTED,00001b30,g3PNjYKWqnQ#D#A,false,false,,,true,00001b30,00001b88,89,31,066b98e752382d716c5a5e630f21b528977e9a797e7cccd44c6e43b76686b91d,554889e54156534889f34189fee88e0e00004889c74489f64889dae8901a0000,PUSH RBP,RET
wave2,libSceRemoteplay,libSceRemoteplay-chunk-00.result.tsv,libSceRemoteplay.sprx,7c33fa5c41b065bf7a3577dbb968af192dbc7768a84e706e2a98dcfa0d501d59,k1SwgkMSOM8,sceRemoteplayInitialize,function,defined_body,1,k1SwgkMSOM8#D#A,000019b0,Function,IMPORTED,000019b0,k1SwgkMSOM8#D#A,false,false,,,true,000019b0,000019d3,36,14,27ac586b311e9410b6827eea08f5b12e1989a9ed4796687f505ed5a060962339,554889e54156534889f34989fee80e1000004889c74c89f64889da5b415e5de9,PUSH RBP,JMP 0x00002c10
wave2,libSceRemoteplay,libSceRemoteplay-chunk-00.result.tsv,libSceRemoteplay.sprx,7c33fa5c41b065bf7a3577dbb968af192dbc7768a84e706e2a98dcfa0d501d59,BOwybKVa3Do,sceRemoteplayTerminate,function,defined_body,1,BOwybKVa3Do#D#A,000019e0,Function,IMPORTED,000019e0,BOwybKVa3Do#D#A,false,false,,,true,000019e0,000019f1,18,6,3b78f5fbb7c0eba5644c241e3a6675649eeae34828a7c5da747ac2ca3e0be98d,554889e5e8e70f00004889c75de99e190000cccccccccccccccccccccccccccc,PUSH RBP,JMP 0x00003390
wave2,libSceRtc,libSceRtc-chunk-00.result.tsv,libSceRtc.sprx,2af66216f6717b56c484552fb096e0dda4d75b3b559ff58610ce65dff5be121b,WJ3rqFwymew,sceRtcFormatRFC3339,function,defined_body,1,WJ3rqFwymew#C#A,00001fc0,Function,IMPORTED,00001fc0,WJ3rqFwymew#C#A,false,false,,,true,00001fc0,00001fc9,10,2,2041d1d35543ac932e6637851590645718fe9eb0b86f7533e51f776449e48c7f,b902000000e9e6faffffccccccccccccb840420f00c3cccccccccccccccccccc,"MOV ECX,0x2",JMP 0x00001ab0
wave2,libSceRtc,libSceRtc-chunk-00.result.tsv,libSceRtc.sprx,2af66216f6717b56c484552fb096e0dda4d75b3b559ff58610ce65dff5be121b,99bMGglFW3I,sceRtcParseRFC3339,function,defined_body,1,99bMGglFW3I#C#A,00001160,Function,IMPORTED,00001160,99bMGglFW3I#C#A,false,false,,,true,00001160,00001525,966,256,539173051360e78cb3fa8e707aacd82296e28f9fb87e358223bdbfeb111dede3,554889e541574156534883ec184c8b3da46e0000498b07488945e0b80200b580,PUSH RBP,UD2
wave2,libSceSaveData_native,libSceSaveData_native-chunk-00.result.tsv,libSceSaveData.native.sprx,d07ff61fa98adff1f0bdde7f1df03d33133e932a9da82ce1005d4784bc948755,S1GkePI17zQ,sceSaveDataDelete,function,defined_body,1,S1GkePI17zQ#J#A,00027100,Function,IMPORTED,00027100,S1GkePI17zQ#J#A,false,false,,,true,00027100,0002727d,382,82,9be216f92ae11ef9064e21b2ae46ef29a8a93c4a66175dee220941b8839c9630,554889e541574156534881ec980100004c8b3d81da0100488d0d220f0200498b,PUSH RBP,UD2
wave2,libSceSaveData_native,libSceSaveData_native-chunk-00.result.tsv,libSceSaveData.native.sprx,d07ff61fa98adff1f0bdde7f1df03d33133e932a9da82ce1005d4784bc948755,Z7z6HXWORJY,sceSaveDataSaveIconByPath,function,defined_body,1,Z7z6HXWORJY#J#A,00028240,Function,IMPORTED,00028240,Z7z6HXWORJY#J#A,false,false,,,true,00028240,00028362,291,69,0edcc6a6f337ba22a0fb93c4a3846c12741db9914f15270a1979fad6ace28b11,554889e541574156534881eca80100004c8b3d41c90100488d0de2fd0100498b,PUSH RBP,UD2
wave2,libSceSaveData_native,libSceSaveData_native-chunk-00.result.tsv,libSceSaveData.native.sprx,d07ff61fa98adff1f0bdde7f1df03d33133e932a9da82ce1005d4784bc948755,yKDy8S5yLA0,sceSaveDataTerminate,function,defined_body,1,yKDy8S5yLA0#J#A,00026320,Function,IMPORTED,00026320,yKDy8S5yLA0#J#A,false,false,,,true,00026320,000264d1,434,93,50a6f01da2db72851314595bf27753718b106a09b8b0df16ef6f8f0e38f185d8,554889e541574156534881ec380100004c8b3561e80100488dbdc4feffff498b,PUSH RBP,UD2
wave2,libSceShare,libSceShare-chunk-00.result.tsv,libSceShare.native.sprx,02b41c8d10cc86418a7b3182a972d0a24163791eaf67a187ac6d1df531e4560d,YBiIdcDPrxs,sceShareFeaturePermit,function,defined_body,1,YBiIdcDPrxs#I#A,00006d00,Function,IMPORTED,00006d00,YBiIdcDPrxs#I#A,false,false,,,true,00006d00,00006d26,39,13,01839d80f95ce1b7aa83b98b7b18b7abfd601aa63414cadd5840574b5825c822,554889e5535089fbe8c393ffff48ba00000000020000004889c789de4883c408,PUSH RBP,JMP 0x00002400
wave2,libSceShare,libSceShare-chunk-00.result.tsv,libSceShare.native.sprx,02b41c8d10cc86418a7b3182a972d0a24163791eaf67a187ac6d1df531e4560d,5wjxESwX68I,sceShareFeatureProhibit,function,defined_body,1,5wjxESwX68I#I#A,00006d30,Function,IMPORTED,00006d30,5wjxESwX68I#I#A,false,false,,,true,00006d30,00006d56,39,13,0ff4ac443b7b32e883e061b68595ed43fafac0c23d77e8f568a6ff271ddb8c63,554889e5535089fbe89393ffff48ba00000000040000004889c789de4883c408,PUSH RBP,JMP 0x00002400
wave2,libSceSharePlay,libSceSharePlay-chunk-00.result.tsv,libSceSharePlay.sprx,d41598603a31066e405fb2f60e5d848b36d12b0b109c3862f8d5eba93ae0ddb4,isruqthpYcw,sceSharePlayInitialize,function,defined_body,1,isruqthpYcw#D#A,00000a60,Function,IMPORTED,00000a60,isruqthpYcw#D#A,false,false,,,true,00000a60,00000a83,36,14,458968885a14c9cf0c1800dc95f0dd7357bb2e3a27af513e2016b822cb217751,554889e54156534889f34989fee87e0700004889c74c89f64889da5b415e5de9,PUSH RBP,JMP 0x00001480
wave2,libSceSharePlay,libSceSharePlay-chunk-00.result.tsv,libSceSharePlay.sprx,d41598603a31066e405fb2f60e5d848b36d12b0b109c3862f8d5eba93ae0ddb4,UaLjloJinow,sceSharePlayTerminate,function,defined_body,1,UaLjloJinow#D#A,00000a90,Function,IMPORTED,00000a90,UaLjloJinow#D#A,false,false,,,true,00000a90,00000aa1,18,6,4c9b995fce41246925481c2d956f3e3a313feef94b30b2768de1076da79aa14e,554889e5e8570700004889c75de9ee0d0000cccccccccccccccccccccccccccc,PUSH RBP,JMP 0x00001890
wave2,libSceSystemService,libSceSystemService-chunk-00.result.tsv,libSceSystemService.sprx,6bcb5dd125d9d09b6053f383ba89b1613335bff5ab83870f0bd732b767f4aac9,8Lo6Zv94aho,sceSystemServiceDisableNoticeScreenSkipFlagAutoSet,function,defined_body,1,8Lo6Zv94aho#c#A,00003a80,Function,IMPORTED,00003a80,8Lo6Zv94aho#c#A,false,false,,,true,00003a80,00003aa4,37,13,634eeed173bb8140ae59b6930ebc9ac4e3c2b99c4b4ea38f902be9523e618485,554889e5e8972501003d1c00e380740e3d0200e380750cb80200a1805dc3b805,PUSH RBP,RET
wave2,libSceSystemService,libSceSystemService-chunk-00.result.tsv,libSceSystemService.sprx,6bcb5dd125d9d09b6053f383ba89b1613335bff5ab83870f0bd732b767f4aac9,m5CYKX20wfg,sceSystemServiceInitializePlayerDialogParam,function,defined_body,1,m5CYKX20wfg#c#A,00002ec0,Function,IMPORTED,00002ec0,m5CYKX20wfg#c#A,false,false,,,true,00002ec0,00002edc,29,6,1d462bc9b6525f937912205f6b9985a38405878fe0c192545ec9289288f7d301,c5f857c0c5fc114708c5fc11472048c70740000000c7470cffffffffc3cccccc,"VXORPS XMM0,XMM0,XMM0",RET
wave2,libSceSystemService,libSceSystemService-chunk-00.result.tsv,libSceSystemService.sprx,6bcb5dd125d9d09b6053f383ba89b1613335bff5ab83870f0bd732b767f4aac9,uaieF+glFPs,sceSystemServiceLaunchPlayerDialog,function,defined_body,1,uaieF+glFPs#c#A,00002ee0,Function,IMPORTED,00002ee0,uaieF+glFPs#c#A,false,false,,,true,00002ee0,00003004,293,78,eca063209a3bafb9a375ae6e21e5af10006f62eb5999d8ca3cb69d706cb1f336,554889e5415741564154534881ec200100004c8b25d7920300498b0424488945,PUSH RBP,UD2
wave2,libSceSystemService,libSceSystemService-chunk-00.result.tsv,libSceSystemService.sprx,6bcb5dd125d9d09b6053f383ba89b1613335bff5ab83870f0bd732b767f4aac9,656LMQSrg6U,sceSystemServiceReceiveEvent,function,defined_body,1,656LMQSrg6U#c#A,00000250,Function,IMPORTED,00000250,656LMQSrg6U#c#A,false,false,,,true,00000250,0000063e,1007,191,8acb2179ddff2cc0d34daf5f936b740fa2923036280a02bd4968638cc45a5615,554889e5415741564154534881ec302000004c8b3d67bf03004889fb488db5b8,PUSH RBP,JMP 0x0000058f
wave2,libSceSystemService,libSceSystemService-chunk-00.result.tsv,libSceSystemService.sprx,6bcb5dd125d9d09b6053f383ba89b1613335bff5ab83870f0bd732b767f4aac9,Q3utJvma4Mo,sceSystemServiceSetNoticeScreenSkipFlag,function,defined_body,1,Q3utJvma4Mo#c#A,00003ab0,Function,IMPORTED,00003ab0,Q3utJvma4Mo#c#A,false,false,,,true,00003ab0,00003ad4,37,13,31b43447dbe2246257c62861c27a90fd0430ef453013d661cc050ca245dc6146,554889e5e8872501003d1c00e380740e3d0200e380750cb80200a1805dc3b805,PUSH RBP,RET
