library,nid,catalog_name,provider,provider_sha256,ghidra_status,function_entry,function_name,body_sha256,instruction_count,include_for_prefer_lle,recommendation,reason,current_gen5_registration_count,current_prefer_lle,current_export_names,current_sources
libSceAgcDriver,AhGvpITrf4M,sceAgcDriverAgrSubmitDcb,libSceAgcDriver.sprx,bc2ca28f3632ce69e25ab44991ed1f49bc1624fe39c2fc81f2efc6e705876348,defined_body,00002a30,AhGvpITrf4M#G#A,f097349a09c7e6d6c1b1298487ea43f6adbe65d4f2d6e87bee7eed4c893bff17,17,true,add_gen5_prefer_lle_registration,Ghidra resolved an executable provider body; add an exact Gen5 PreferLle registration.,0,false,,
libSceAgcDriver,+T8Xo6LtFJI,sceAgcDriverAgrSubmitMultiDcbs,libSceAgcDriver.sprx,bc2ca28f3632ce69e25ab44991ed1f49bc1624fe39c2fc81f2efc6e705876348,defined_body,00004d90,+T8Xo6LtFJI#G#A,9dac3ff70048baafc133597daf067debc3aff00da1afdf0f1ac66755557a2a05,19,true,add_gen5_prefer_lle_registration,Ghidra resolved an executable provider body; add an exact Gen5 PreferLle registration.,0,false,,
libSceAgcDriver,5l3IfCFJxBs,sceAgcDriverFindResourcesPublic,libSceAgcDriver.sprx,bc2ca28f3632ce69e25ab44991ed1f49bc1624fe39c2fc81f2efc6e705876348,defined_body,00007240,5l3IfCFJxBs#G#A,77cc740e58cbe670a62774638598d2b8b56a7a098b2cf25bcd7a0e8a8ecb12f8,2,true,add_gen5_prefer_lle_registration,Ghidra resolved an executable provider body; add an exact Gen5 PreferLle registration.,0,false,,
libSceAgcDriver,Zw7uUVPulbw,sceAgcDriverGetEqContextId,libSceAgcDriver.sprx,bc2ca28f3632ce69e25ab44991ed1f49bc1624fe39c2fc81f2efc6e705876348,defined_body,00006d80,Zw7uUVPulbw#G#A,ab65bc5e0c9c4587a9177af728dfedff68fe3e10777cd1ed4d8ae39b5ae72704,6,true,add_gen5_prefer_lle_registration,Ghidra resolved an executable provider body; add an exact Gen5 PreferLle registration.,0,false,,
libSceAgcDriver,5CdQTZIQPxM,sceAgcDriverGetEqEventType,libSceAgcDriver.sprx,bc2ca28f3632ce69e25ab44991ed1f49bc1624fe39c2fc81f2efc6e705876348,defined_body,00006d70,5CdQTZIQPxM#G#A,c6426f628c8bc96aa3aba6e15d2a9d70836bccca5b357ff204c46fb39ffd6574,5,true,add_gen5_prefer_lle_registration,Ghidra resolved an executable provider body; add an exact Gen5 PreferLle registration.,0,false,,
libSceAgcDriver,LepGrgk77sM,sceAgcDriverGetOwnerName,libSceAgcDriver.sprx,bc2ca28f3632ce69e25ab44991ed1f49bc1624fe39c2fc81f2efc6e705876348,defined_body,00007310,LepGrgk77sM#G#A,77cc740e58cbe670a62774638598d2b8b56a7a098b2cf25bcd7a0e8a8ecb12f8,2,true,add_gen5_prefer_lle_registration,Ghidra resolved an executable provider body; add an exact Gen5 PreferLle registration.,0,false,,
libSceAgcDriver,NghWEUXp1qM,sceAgcDriverGetResourceBaseAddressAndSizeInBytes,libSceAgcDriver.sprx,bc2ca28f3632ce69e25ab44991ed1f49bc1624fe39c2fc81f2efc6e705876348,defined_body,000072d0,NghWEUXp1qM#G#A,77cc740e58cbe670a62774638598d2b8b56a7a098b2cf25bcd7a0e8a8ecb12f8,2,true,add_gen5_prefer_lle_registration,Ghidra resolved an executable provider body; add an exact Gen5 PreferLle registration.,0,false,,
libSceAgcDriver,M9yBzRKkjPc,sceAgcDriverGetResourceName,libSceAgcDriver.sprx,bc2ca28f3632ce69e25ab44991ed1f49bc1624fe39c2fc81f2efc6e705876348,defined_body,000072b0,M9yBzRKkjPc#G#A,77cc740e58cbe670a62774638598d2b8b56a7a098b2cf25bcd7a0e8a8ecb12f8,2,true,add_gen5_prefer_lle_registration,Ghidra resolved an executable provider body; add an exact Gen5 PreferLle registration.,0,false,,
libSceAgcDriver,mXn+K9E-wOA,sceAgcDriverGetResourceShaderGuid,libSceAgcDriver.sprx,bc2ca28f3632ce69e25ab44991ed1f49bc1624fe39c2fc81f2efc6e705876348,defined_body,00007300,mXn+K9E-wOA#G#A,77cc740e58cbe670a62774638598d2b8b56a7a098b2cf25bcd7a0e8a8ecb12f8,2,true,add_gen5_prefer_lle_registration,Ghidra resolved an executable provider body; add an exact Gen5 PreferLle registration.,0,false,,
libSceAgcDriver,rI9lNAXPMIw,sceAgcDriverGetResourceType,libSceAgcDriver.sprx,bc2ca28f3632ce69e25ab44991ed1f49bc1624fe39c2fc81f2efc6e705876348,defined_body,000072c0,rI9lNAXPMIw#G#A,77cc740e58cbe670a62774638598d2b8b56a7a098b2cf25bcd7a0e8a8ecb12f8,2,true,add_gen5_prefer_lle_registration,Ghidra resolved an executable provider body; add an exact Gen5 PreferLle registration.,0,false,,
libSceAgcDriver,ls4jfY576lw,sceAgcDriverGetResourceUserData,libSceAgcDriver.sprx,bc2ca28f3632ce69e25ab44991ed1f49bc1624fe39c2fc81f2efc6e705876348,defined_body,000072e0,ls4jfY576lw#G#A,77cc740e58cbe670a62774638598d2b8b56a7a098b2cf25bcd7a0e8a8ecb12f8,2,true,add_gen5_prefer_lle_registration,Ghidra resolved an executable provider body; add an exact Gen5 PreferLle registration.,0,false,,
libSceAgcDriver,rJUyMrDdxJg,sceAgcDriverGetShaderDebuggingStatus,libSceAgcDriver.sprx,bc2ca28f3632ce69e25ab44991ed1f49bc1624fe39c2fc81f2efc6e705876348,defined_body,00006ef0,rJUyMrDdxJg#G#A,2db31f4e09597946e56e859813bfdad7046d457c32332c3a882654d1e3ffdf67,2,true,add_gen5_prefer_lle_registration,Ghidra resolved an executable provider body; add an exact Gen5 PreferLle registration.,0,false,,
libSceAgcDriver,Ddwk4gLT5j0,sceAgcDriverIsCaptureInProgress,libSceAgcDriver.sprx,bc2ca28f3632ce69e25ab44991ed1f49bc1624fe39c2fc81f2efc6e705876348,defined_body,000080d0,Ddwk4gLT5j0#G#A,251447ee91a9067dcd6ab96703133f617565974cd6c4819021760c4688c91abf,2,true,add_gen5_prefer_lle_registration,Ghidra resolved an executable provider body; add an exact Gen5 PreferLle registration.,0,false,,
libSceAgcDriver,qspAL8bgcBY,sceAgcDriverIsSubmitValidationEnabled,libSceAgcDriver.sprx,bc2ca28f3632ce69e25ab44991ed1f49bc1624fe39c2fc81f2efc6e705876348,defined_body,000080e0,qspAL8bgcBY#G#A,251447ee91a9067dcd6ab96703133f617565974cd6c4819021760c4688c91abf,2,true,add_gen5_prefer_lle_registration,Ghidra resolved an executable provider body; add an exact Gen5 PreferLle registration.,0,false,,
libSceAgcDriver,+TN0oRTBxJQ,sceAgcDriverIsTraceInProgress,libSceAgcDriver.sprx,bc2ca28f3632ce69e25ab44991ed1f49bc1624fe39c2fc81f2efc6e705876348,defined_body,00006ee0,+TN0oRTBxJQ#G#A,251447ee91a9067dcd6ab96703133f617565974cd6c4819021760c4688c91abf,2,true,add_gen5_prefer_lle_registration,Ghidra resolved an executable provider body; add an exact Gen5 PreferLle registration.,0,false,,
libSceAgcDriver,emP3ckeS2uo,sceAgcDriverRegisterGdsResource,libSceAgcDriver.sprx,bc2ca28f3632ce69e25ab44991ed1f49bc1624fe39c2fc81f2efc6e705876348,defined_body,000071e0,emP3ckeS2uo#G#A,77cc740e58cbe670a62774638598d2b8b56a7a098b2cf25bcd7a0e8a8ecb12f8,2,true,add_gen5_prefer_lle_registration,Ghidra resolved an executable provider body; add an exact Gen5 PreferLle registration.,0,false,,
libSceAgcDriver,3AyTaWcF-H8,sceAgcDriverRegisterWorkloadStream,libSceAgcDriver.sprx,bc2ca28f3632ce69e25ab44991ed1f49bc1624fe39c2fc81f2efc6e705876348,defined_body,00000b00,3AyTaWcF-H8#G#A,8d53f23672a0e68cfa2f0225d6e34f5f65e3b7beade9f7ca05b020ba2a70ad28,45,true,add_gen5_prefer_lle_registration,Ghidra resolved an executable provider body; add an exact Gen5 PreferLle registration.,0,false,,
libSceAgcDriver,SAfhzJPcjuk,sceAgcDriverRequestCaptureStart,libSceAgcDriver.sprx,bc2ca28f3632ce69e25ab44991ed1f49bc1624fe39c2fc81f2efc6e705876348,defined_body,000080b0,SAfhzJPcjuk#G#A,a45df15ac03ed51bc214fb03f5beecfc66b471bd491c2922752e8cec2509bad5,2,true,add_gen5_prefer_lle_registration,Ghidra resolved an executable provider body; add an exact Gen5 PreferLle registration.,0,false,,
libSceAgcDriver,FOwvmNlFLjM,sceAgcDriverRequestCaptureStop,libSceAgcDriver.sprx,bc2ca28f3632ce69e25ab44991ed1f49bc1624fe39c2fc81f2efc6e705876348,defined_body,000080c0,FOwvmNlFLjM#G#A,a45df15ac03ed51bc214fb03f5beecfc66b471bd491c2922752e8cec2509bad5,2,true,add_gen5_prefer_lle_registration,Ghidra resolved an executable provider body; add an exact Gen5 PreferLle registration.,0,false,,
libSceAgcDriver,MM4IZSEYytQ,sceAgcDriverSetHsOffchipParam,libSceAgcDriver.sprx,bc2ca28f3632ce69e25ab44991ed1f49bc1624fe39c2fc81f2efc6e705876348,defined_body,000070b0,MM4IZSEYytQ#G#A,77306f3e6060adf030a78e3c622b46997dd9cb4a8e23f87f04ac18d6acd6907e,5,true,set_prefer_lle_on_existing_gen5_registration,Ghidra resolved an executable provider body; mark the exact existing Gen5 registration PreferLle.,1,false,sceAgcDriverSetHsOffchipParam,src/SharpEmu.Libs/Agc/AgcExports.cs:3478
libSceAgcDriver,VOMSpd9+vxU,sceAgcDriverSetResourceUserData,libSceAgcDriver.sprx,bc2ca28f3632ce69e25ab44991ed1f49bc1624fe39c2fc81f2efc6e705876348,defined_body,000072f0,VOMSpd9+vxU#G#A,77cc740e58cbe670a62774638598d2b8b56a7a098b2cf25bcd7a0e8a8ecb12f8,2,true,add_gen5_prefer_lle_registration,Ghidra resolved an executable provider body; add an exact Gen5 PreferLle registration.,0,false,,
libSceAgcDriver,HF3YllT3mXU,sceAgcDriverSubmitMultiAcbs,libSceAgcDriver.sprx,bc2ca28f3632ce69e25ab44991ed1f49bc1624fe39c2fc81f2efc6e705876348,defined_body,00004df0,HF3YllT3mXU#G#A,7b50a3be444326b634b521cf44839a5393e939661609325873a5042dab2382e9,18,true,add_gen5_prefer_lle_registration,Ghidra resolved an executable provider body; add an exact Gen5 PreferLle registration.,0,false,,
libSceAgcDriver,Xq5WmbwPTnQ,sceAgcDriverTriggerCapture,libSceAgcDriver.sprx,bc2ca28f3632ce69e25ab44991ed1f49bc1624fe39c2fc81f2efc6e705876348,defined_body,000080a0,Xq5WmbwPTnQ#G#A,a45df15ac03ed51bc214fb03f5beecfc66b471bd491c2922752e8cec2509bad5,2,true,add_gen5_prefer_lle_registration,Ghidra resolved an executable provider body; add an exact Gen5 PreferLle registration.,0,false,,
libSceAgcDriver,SCoAN5fYlUM,sceAgcDriverUnregisterAllResourcesForOwner,libSceAgcDriver.sprx,bc2ca28f3632ce69e25ab44991ed1f49bc1624fe39c2fc81f2efc6e705876348,defined_body,00007210,SCoAN5fYlUM#G#A,77cc740e58cbe670a62774638598d2b8b56a7a098b2cf25bcd7a0e8a8ecb12f8,2,true,add_gen5_prefer_lle_registration,Ghidra resolved an executable provider body; add an exact Gen5 PreferLle registration.,0,false,,
libSceAgcDriver,ZLJk9r2+2Aw,sceAgcDriverUnregisterOwnerAndResources,libSceAgcDriver.sprx,bc2ca28f3632ce69e25ab44991ed1f49bc1624fe39c2fc81f2efc6e705876348,defined_body,00007200,ZLJk9r2+2Aw#G#A,77cc740e58cbe670a62774638598d2b8b56a7a098b2cf25bcd7a0e8a8ecb12f8,2,true,add_gen5_prefer_lle_registration,Ghidra resolved an executable provider body; add an exact Gen5 PreferLle registration.,0,false,,
libSceAgcDriver,n5ElQVYsU1A,sceAgcDriverUnregisterWorkloadStream,libSceAgcDriver.sprx,bc2ca28f3632ce69e25ab44991ed1f49bc1624fe39c2fc81f2efc6e705876348,defined_body,00000bb0,n5ElQVYsU1A#G#A,67e4477e69d6e22b58a96b93f8e5b277ab5906fffcee1e76ca0cce8b45e19362,33,true,add_gen5_prefer_lle_registration,Ghidra resolved an executable provider body; add an exact Gen5 PreferLle registration.,0,false,,
libSceAmpr,Eul7AGEpjLo,sceAmprAprCommandBufferMapBegin,libSceAmpr.sprx,129a972cdb762d1b362ad136cdb802f5cac7d3a5f48ecb8b7e5d695c70af4047,defined_body,00003990,Eul7AGEpjLo#C#A,d1ffc9f2b97cc1941456fc9aaa2c1f53954ea610d31532c0949a36db7f8e2172,76,true,add_gen5_prefer_lle_registration,Ghidra resolved an executable provider body; add an exact Gen5 PreferLle registration.,0,false,,
libSceAmpr,bFEs0Gs6D2A,sceAmprAprCommandBufferMapDirectBegin,libSceAmpr.sprx,129a972cdb762d1b362ad136cdb802f5cac7d3a5f48ecb8b7e5d695c70af4047,defined_body,00003ab0,bFEs0Gs6D2A#C#A,de905bf8eb254318b87863bf454a96eb6fabd2bfa4044d3da70912e7c9cbae74,82,true,add_gen5_prefer_lle_registration,Ghidra resolved an executable provider body; add an exact Gen5 PreferLle registration.,0,false,,
libSceAmpr,X169CE6G3Y4,sceAmprAprCommandBufferMapEnd,libSceAmpr.sprx,129a972cdb762d1b362ad136cdb802f5cac7d3a5f48ecb8b7e5d695c70af4047,defined_body,00003be0,X169CE6G3Y4#C#A,391be4ce4f2e0a4ed5048c68cb05e3e261a8a53a1ae0c31cba731530aedf560d,39,true,add_gen5_prefer_lle_registration,Ghidra resolved an executable provider body; add an exact Gen5 PreferLle registration.,0,false,,
libSceAmpr,mZSbNJVJpV8,sceAmprAprCommandBufferReadFileGather,libSceAmpr.sprx,129a972cdb762d1b362ad136cdb802f5cac7d3a5f48ecb8b7e5d695c70af4047,defined_body,00003610,mZSbNJVJpV8#C#A,03ec211260c3408eda32fdf78866b28644c0423bb47c8db52b813ae2cd70dc7e,72,true,add_gen5_prefer_lle_registration,Ghidra resolved an executable provider body; add an exact Gen5 PreferLle registration.,0,false,,
libSceAmpr,BVmR1H8l+XI,sceAmprAprCommandBufferReadFileGatherScatter,libSceAmpr.sprx,129a972cdb762d1b362ad136cdb802f5cac7d3a5f48ecb8b7e5d695c70af4047,defined_body,000037e0,BVmR1H8l+XI#C#A,477741a6970a3e5a330a6fe57ed8b02a20a116d8cd4c159bd1d9a75306df788f,86,true,add_gen5_prefer_lle_registration,Ghidra resolved an executable provider body; add an exact Gen5 PreferLle registration.,0,false,,
libSceAmpr,Jg-AgkdJHkk,sceAmprAprCommandBufferReadFileScatter,libSceAmpr.sprx,129a972cdb762d1b362ad136cdb802f5cac7d3a5f48ecb8b7e5d695c70af4047,defined_body,00003710,Jg-AgkdJHkk#C#A,39dc8bdcc547dd71808719002ca46022cba8487cb40c1cfd733228ad8ab3d685,61,true,add_gen5_prefer_lle_registration,Ghidra resolved an executable provider body; add an exact Gen5 PreferLle registration.,0,false,,
libSceAmpr,YPxkUDhgoNI,sceAmprAprCommandBufferResetGatherScatterState,libSceAmpr.sprx,129a972cdb762d1b362ad136cdb802f5cac7d3a5f48ecb8b7e5d695c70af4047,defined_body,00003910,YPxkUDhgoNI#C#A,18d2635a4a1309a2da5d2747cbe9b9b3a001a77dd9e5e18b30d62dab2b3a6be8,37,true,add_gen5_prefer_lle_registration,Ghidra resolved an executable provider body; add an exact Gen5 PreferLle registration.,0,false,,
libSceAmpr,4UkZbYKVF7c,sceAmprCommandBufferConstructMarker,libSceAmpr.sprx,129a972cdb762d1b362ad136cdb802f5cac7d3a5f48ecb8b7e5d695c70af4047,defined_body,00002f70,4UkZbYKVF7c#C#A,b1e0154e215af70d18c7cbaac13c5dec0a26d969d48e93e0703019ac4c18a28f,205,true,add_gen5_prefer_lle_registration,Ghidra resolved an executable provider body; add an exact Gen5 PreferLle registration.,0,false,,
libSceAmpr,GmOguNIsuKk,sceAmprCommandBufferConstructNop,libSceAmpr.sprx,129a972cdb762d1b362ad136cdb802f5cac7d3a5f48ecb8b7e5d695c70af4047,defined_body,00002c80,GmOguNIsuKk#C#A,685f3dfd4b5c061259dd23ff753a598a5c644079e4cc7b3cbc5495f2d8ec2058,91,true,add_gen5_prefer_lle_registration,Ghidra resolved an executable provider body; add an exact Gen5 PreferLle registration.,0,false,,
libSceAmpr,RPCAhx-aabE,sceAmprCommandBufferGetBufferBaseAddress,libSceAmpr.sprx,129a972cdb762d1b362ad136cdb802f5cac7d3a5f48ecb8b7e5d695c70af4047,defined_body,00001e80,RPCAhx-aabE#C#A,54fd6cfb47b3e150944357d067e1c7fcbe9bc8b8b20527db61840cc59da2b262,2,true,add_gen5_prefer_lle_registration,Ghidra resolved an executable provider body; add an exact Gen5 PreferLle registration.,0,false,,
libSceAmpr,VEDMaQmJZng,sceAmprCommandBufferGetType,libSceAmpr.sprx,129a972cdb762d1b362ad136cdb802f5cac7d3a5f48ecb8b7e5d695c70af4047,defined_body,00001e60,VEDMaQmJZng#C#A,cadd8f26469e7198cb603ea5ba1b165c25958dd0f2df803f0ade24798f5915ac,2,true,add_gen5_prefer_lle_registration,Ghidra resolved an executable provider body; add an exact Gen5 PreferLle registration.,0,false,,
libSceAmpr,tNn5WBkta60,sceAmprCommandBufferNop,libSceAmpr.sprx,129a972cdb762d1b362ad136cdb802f5cac7d3a5f48ecb8b7e5d695c70af4047,defined_body,00002dc0,tNn5WBkta60#C#A,c08fb389e0cc3450a361af0c660137e1701bcaae7816a5bc0cf400f74d22bcac,52,true,add_gen5_prefer_lle_registration,Ghidra resolved an executable provider body; add an exact Gen5 PreferLle registration.,0,false,,
libSceAmpr,pFQ9UHpO52s,sceAmprCommandBufferNopWithData,libSceAmpr.sprx,129a972cdb762d1b362ad136cdb802f5cac7d3a5f48ecb8b7e5d695c70af4047,defined_body,00002e70,pFQ9UHpO52s#C#A,21b304befbb76d64229b900ba0e7a35b5b2f2bf19d68e996372e7d4ba8fbb61d,73,true,add_gen5_prefer_lle_registration,Ghidra resolved an executable provider body; add an exact Gen5 PreferLle registration.,0,false,,
libSceAmpr,mv0O8Zg0woU,sceAmprCommandBufferPopMarker,libSceAmpr.sprx,129a972cdb762d1b362ad136cdb802f5cac7d3a5f48ecb8b7e5d695c70af4047,defined_body,00003400,mv0O8Zg0woU#C#A,32a1a7df2f76da2d17ca537363fca47df1da2bb52045d38404ac0e262a9a23a6,42,true,add_gen5_prefer_lle_registration,Ghidra resolved an executable provider body; add an exact Gen5 PreferLle registration.,0,false,,
libSceAmpr,dXPaz65HNmk,sceAmprCommandBufferPushMarker,libSceAmpr.sprx,129a972cdb762d1b362ad136cdb802f5cac7d3a5f48ecb8b7e5d695c70af4047,defined_body,000033b0,dXPaz65HNmk#C#A,c9fa0cdb1d0dd0ae19b825cd2652fc7c4b3637f0f080535d95e293df9fd32281,26,true,add_gen5_prefer_lle_registration,Ghidra resolved an executable provider body; add an exact Gen5 PreferLle registration.,0,false,,
libSceAmpr,f12ObAMEi9A,sceAmprCommandBufferPushMarkerWithColor,libSceAmpr.sprx,129a972cdb762d1b362ad136cdb802f5cac7d3a5f48ecb8b7e5d695c70af4047,defined_body,00003330,f12ObAMEi9A#C#A,40cc993bf032048e1a27517eb0b30d81b43d01e85b70d45cb612b471c9f603bd,37,true,add_gen5_prefer_lle_registration,Ghidra resolved an executable provider body; add an exact Gen5 PreferLle registration.,0,false,,
libSceAmpr,4quckD2y7Pg,sceAmprCommandBufferSetMarker,libSceAmpr.sprx,129a972cdb762d1b362ad136cdb802f5cac7d3a5f48ecb8b7e5d695c70af4047,defined_body,000032e0,4quckD2y7Pg#C#A,5d19f8c5d0e084ff06c86632ccec7b534a6e0774494510a86ba706cd9d2f8cc9,26,true,add_gen5_prefer_lle_registration,Ghidra resolved an executable provider body; add an exact Gen5 PreferLle registration.,0,false,,
libSceAmpr,sWbST0oQKsc,sceAmprCommandBufferSetMarkerWithColor,libSceAmpr.sprx,129a972cdb762d1b362ad136cdb802f5cac7d3a5f48ecb8b7e5d695c70af4047,defined_body,00003280,sWbST0oQKsc#C#A,430399482be015ec666ddab629fb92e14f4156bbd860bdab4f0a4fa6c4821161,32,true,add_gen5_prefer_lle_registration,Ghidra resolved an executable provider body; add an exact Gen5 PreferLle registration.,0,false,,
libSceAmpr,DLfoNxTFNVk,sceAmprCommandBufferWaitOnAddress_04_00,libSceAmpr.sprx,129a972cdb762d1b362ad136cdb802f5cac7d3a5f48ecb8b7e5d695c70af4047,defined_body,00001eb0,DLfoNxTFNVk#C#A,7e7dad15a6c6c773bb9d706b16d32efe3bbc70edd0dcb8e443300484eb7dd796,97,true,add_gen5_prefer_lle_registration,Ghidra resolved an executable provider body; add an exact Gen5 PreferLle registration.,0,false,,
libSceAmpr,cQb8Zr8Q0Y0,sceAmprCommandBufferWaitOnCounter_04_00,libSceAmpr.sprx,129a972cdb762d1b362ad136cdb802f5cac7d3a5f48ecb8b7e5d695c70af4047,defined_body,00002150,cQb8Zr8Q0Y0#C#A,e0d072880b6ecc51f61da2ff4674529760c51ba0a346959b28a71dd82c897258,94,true,add_gen5_prefer_lle_registration,Ghidra resolved an executable provider body; add an exact Gen5 PreferLle registration.,0,false,,
libSceAmpr,enZm-6GjWqw,sceAmprCommandBufferWriteAddressFromCounterPair_04_00,libSceAmpr.sprx,129a972cdb762d1b362ad136cdb802f5cac7d3a5f48ecb8b7e5d695c70af4047,defined_body,00002c10,enZm-6GjWqw#C#A,379f848b0f3e2a909f0f263d98a0ffb7ac110dab22474cc14be97601fe908699,15,true,add_gen5_prefer_lle_registration,Ghidra resolved an executable provider body; add an exact Gen5 PreferLle registration.,0,false,,
libSceAmpr,t4ExS+SwLjs,sceAmprCommandBufferWriteAddressFromCounter_04_00,libSceAmpr.sprx,129a972cdb762d1b362ad136cdb802f5cac7d3a5f48ecb8b7e5d695c70af4047,defined_body,00002bb0,t4ExS+SwLjs#C#A,0aefa7b6e95448e0b0953a9f8b74c9d8ed99f040ded4d25cc4aa37e08a339b89,15,true,add_gen5_prefer_lle_registration,Ghidra resolved an executable provider body; add an exact Gen5 PreferLle registration.,0,false,,
libSceAmpr,bt3LHR9xjK4,sceAmprCommandBufferWriteAddressFromTimeCounter_04_00,libSceAmpr.sprx,129a972cdb762d1b362ad136cdb802f5cac7d3a5f48ecb8b7e5d695c70af4047,defined_body,00002b50,bt3LHR9xjK4#C#A,a8dd8632e5dfbf36b1c45f177810f1abf00dda0a6c7b1995d906dc5c1613d445,10,true,add_gen5_prefer_lle_registration,Ghidra resolved an executable provider body; add an exact Gen5 PreferLle registration.,0,false,,
libSceAmpr,j0+3uJMxYJY,sceAmprCommandBufferWriteAddress_04_00,libSceAmpr.sprx,129a972cdb762d1b362ad136cdb802f5cac7d3a5f48ecb8b7e5d695c70af4047,defined_body,00002480,j0+3uJMxYJY#C#A,6f7be202667c3686f934a37f5f0e51ced8aed34fa0df91bb00c57c340fc3edbe,10,true,add_gen5_prefer_lle_registration,Ghidra resolved an executable provider body; add an exact Gen5 PreferLle registration.,0,false,,
libSceAmpr,jK+yuYCI7MA,sceAmprCommandBufferWriteCounter_04_00,libSceAmpr.sprx,129a972cdb762d1b362ad136cdb802f5cac7d3a5f48ecb8b7e5d695c70af4047,defined_body,00002630,jK+yuYCI7MA#C#A,42373fc4d0099b88ee97fd75ac206d5e8c8446a53cd464b5a84e536a20611391,71,true,add_gen5_prefer_lle_registration,Ghidra resolved an executable provider body; add an exact Gen5 PreferLle registration.,0,false,,
libSceAmpr,kdFImtTD0hc,sceAmprMeasureCommandSizeMapBegin,libSceAmpr.sprx,129a972cdb762d1b362ad136cdb802f5cac7d3a5f48ecb8b7e5d695c70af4047,defined_body,00004170,kdFImtTD0hc#C#A,2ae9cc74aa5bf1b6311815b95821cf074c6da7aca5d27b7587aefd3688b5786e,27,true,add_gen5_prefer_lle_registration,Ghidra resolved an executable provider body; add an exact Gen5 PreferLle registration.,0,false,,
libSceAmpr,qvbdJc7bG+s,sceAmprMeasureCommandSizeMapDirectBegin,libSceAmpr.sprx,129a972cdb762d1b362ad136cdb802f5cac7d3a5f48ecb8b7e5d695c70af4047,defined_body,000041c0,qvbdJc7bG+s#C#A,6f5a8512dfc06fac665951f6073d88faad4052cc7b61b8223e72d39af8d7d30a,29,true,add_gen5_prefer_lle_registration,Ghidra resolved an executable provider body; add an exact Gen5 PreferLle registration.,0,false,,
libSceAmpr,iwTNhyaemnw,sceAmprMeasureCommandSizeMapEnd,libSceAmpr.sprx,129a972cdb762d1b362ad136cdb802f5cac7d3a5f48ecb8b7e5d695c70af4047,defined_body,00004220,iwTNhyaemnw#C#A,e36623525b7c35b277173e56616b2d865cf6515aa2be1d12d6814ef725cecffb,2,true,add_gen5_prefer_lle_registration,Ghidra resolved an executable provider body; add an exact Gen5 PreferLle registration.,0,false,,
libSceAmpr,NNIZ-FMyz3M,sceAmprMeasureCommandSizeNop,libSceAmpr.sprx,129a972cdb762d1b362ad136cdb802f5cac7d3a5f48ecb8b7e5d695c70af4047,defined_body,00004050,NNIZ-FMyz3M#C#A,98939d010806631545d6d286b65f64bd487c35a8f132ba520e17dc2b6248c68d,13,true,add_gen5_prefer_lle_registration,Ghidra resolved an executable provider body; add an exact Gen5 PreferLle registration.,0,false,,
libSceAmpr,Xp85BP3+BBI,sceAmprMeasureCommandSizeNopWithData,libSceAmpr.sprx,129a972cdb762d1b362ad136cdb802f5cac7d3a5f48ecb8b7e5d695c70af4047,defined_body,00004070,Xp85BP3+BBI#C#A,5f9fa6517a6c31caa31a46407bb5014425d19f37b62147636fc2a8614d52425c,13,true,add_gen5_prefer_lle_registration,Ghidra resolved an executable provider body; add an exact Gen5 PreferLle registration.,0,false,,
libSceAmpr,pbnNnahE8vk,sceAmprMeasureCommandSizePopMarker,libSceAmpr.sprx,129a972cdb762d1b362ad136cdb802f5cac7d3a5f48ecb8b7e5d695c70af4047,defined_body,00004390,pbnNnahE8vk#C#A,e36623525b7c35b277173e56616b2d865cf6515aa2be1d12d6814ef725cecffb,2,true,add_gen5_prefer_lle_registration,Ghidra resolved an executable provider body; add an exact Gen5 PreferLle registration.,0,false,,
libSceAmpr,0RdLmAh7WVo,sceAmprMeasureCommandSizePushMarker,libSceAmpr.sprx,129a972cdb762d1b362ad136cdb802f5cac7d3a5f48ecb8b7e5d695c70af4047,defined_body,00004350,0RdLmAh7WVo#C#A,d40f5b8af7f25c814c6deed9a3d48394ae0f32f0dab1a13026284285a0aad685,20,true,add_gen5_prefer_lle_registration,Ghidra resolved an executable provider body; add an exact Gen5 PreferLle registration.,0,false,,
libSceAmpr,3OfeY4pzDV0,sceAmprMeasureCommandSizePushMarkerWithColor,libSceAmpr.sprx,129a972cdb762d1b362ad136cdb802f5cac7d3a5f48ecb8b7e5d695c70af4047,defined_body,000042e0,3OfeY4pzDV0#C#A,0e80146b7529c60d75d1179d4626f64840af2cc3d35724b9838edc6207d8fa9b,31,true,add_gen5_prefer_lle_registration,Ghidra resolved an executable provider body; add an exact Gen5 PreferLle registration.,0,false,,
libSceAmpr,qesF88X4DRg,sceAmprMeasureCommandSizeReadFileGather,libSceAmpr.sprx,129a972cdb762d1b362ad136cdb802f5cac7d3a5f48ecb8b7e5d695c70af4047,defined_body,000040e0,qesF88X4DRg#C#A,066bd1b8bd8cadeae78de0c1e6b1798b6c4e6e18c561bb6b4273534c161dc37e,16,true,add_gen5_prefer_lle_registration,Ghidra resolved an executable provider body; add an exact Gen5 PreferLle registration.,0,false,,
libSceAmpr,DXmgc5op8Yw,sceAmprMeasureCommandSizeReadFileGatherScatter,libSceAmpr.sprx,129a972cdb762d1b362ad136cdb802f5cac7d3a5f48ecb8b7e5d695c70af4047,defined_body,00004130,DXmgc5op8Yw#C#A,9509dabcc9757540c9f4fa673d08009102fcfa1e0fa93637d1675676d86ce3ca,16,true,add_gen5_prefer_lle_registration,Ghidra resolved an executable provider body; add an exact Gen5 PreferLle registration.,0,false,,
libSceAmpr,7nXGDGMXSqo,sceAmprMeasureCommandSizeReadFileScatter,libSceAmpr.sprx,129a972cdb762d1b362ad136cdb802f5cac7d3a5f48ecb8b7e5d695c70af4047,defined_body,00004110,7nXGDGMXSqo#C#A,a3b098963073398cda7e4a534757693c48cceda38f1934c98b6017bc7dbe1162,8,true,add_gen5_prefer_lle_registration,Ghidra resolved an executable provider body; add an exact Gen5 PreferLle registration.,0,false,,
libSceAmpr,rddQYXM0CjM,sceAmprMeasureCommandSizeResetGatherScatterState,libSceAmpr.sprx,129a972cdb762d1b362ad136cdb802f5cac7d3a5f48ecb8b7e5d695c70af4047,defined_body,00004160,rddQYXM0CjM#C#A,e36623525b7c35b277173e56616b2d865cf6515aa2be1d12d6814ef725cecffb,2,true,add_gen5_prefer_lle_registration,Ghidra resolved an executable provider body; add an exact Gen5 PreferLle registration.,0,false,,
libSceAmpr,VGkEj4d6-Kg,sceAmprMeasureCommandSizeSetMarker,libSceAmpr.sprx,129a972cdb762d1b362ad136cdb802f5cac7d3a5f48ecb8b7e5d695c70af4047,defined_body,000042a0,VGkEj4d6-Kg#C#A,9b53cb67f176373a80686ac8ec8384daf187fcd0f8b60016945db0c88883e1b8,20,true,add_gen5_prefer_lle_registration,Ghidra resolved an executable provider body; add an exact Gen5 PreferLle registration.,0,false,,
libSceAmpr,tmfr97+ED5I,sceAmprMeasureCommandSizeSetMarkerWithColor,libSceAmpr.sprx,129a972cdb762d1b362ad136cdb802f5cac7d3a5f48ecb8b7e5d695c70af4047,defined_body,00004230,tmfr97+ED5I#C#A,fa9332d2d308e1e1b41b4764a7a7a3101b162776c2746544486cee86500ce421,31,true,add_gen5_prefer_lle_registration,Ghidra resolved an executable provider body; add an exact Gen5 PreferLle registration.,0,false,,
libSceAmpr,0BMj1hgG+kE,sceAmprMeasureCommandSizeWaitOnAddress_04_00,libSceAmpr.sprx,129a972cdb762d1b362ad136cdb802f5cac7d3a5f48ecb8b7e5d695c70af4047,defined_body,00003c70,0BMj1hgG+kE#C#A,cb481af117918b2394118e8019e2629d719081a7b0565dd55b2f152430e43710,21,true,add_gen5_prefer_lle_registration,Ghidra resolved an executable provider body; add an exact Gen5 PreferLle registration.,0,false,,
libSceAmpr,ClnsFLLLcss,sceAmprMeasureCommandSizeWaitOnCounter_04_00,libSceAmpr.sprx,129a972cdb762d1b362ad136cdb802f5cac7d3a5f48ecb8b7e5d695c70af4047,defined_body,00003cf0,ClnsFLLLcss#C#A,40041f99eeed44f6f376e2ef6f61f6e312b54e30545b4d01c91072de5fbd0e26,58,true,add_gen5_prefer_lle_registration,Ghidra resolved an executable provider body; add an exact Gen5 PreferLle registration.,0,false,,
libSceAmpr,2Hw8gjMdwSY,sceAmprMeasureCommandSizeWriteAddressFromCounterPair_04_00,libSceAmpr.sprx,129a972cdb762d1b362ad136cdb802f5cac7d3a5f48ecb8b7e5d695c70af4047,defined_body,00003ef0,2Hw8gjMdwSY#C#A,ba6e194bc4ccab4eb525bc2f2ca5e45fc66e1b06cfcf93c6b5b959cb2f9f8d79,18,true,add_gen5_prefer_lle_registration,Ghidra resolved an executable provider body; add an exact Gen5 PreferLle registration.,0,false,,
libSceAmpr,JYd9g9L+TmE,sceAmprMeasureCommandSizeWriteAddressFromCounter_04_00,libSceAmpr.sprx,129a972cdb762d1b362ad136cdb802f5cac7d3a5f48ecb8b7e5d695c70af4047,defined_body,00003e90,JYd9g9L+TmE#C#A,d525ef157880ab2af6c7a6ca7e7277accd8eb3df9310379ec9c8a89e0fd8c469,18,true,add_gen5_prefer_lle_registration,Ghidra resolved an executable provider body; add an exact Gen5 PreferLle registration.,0,false,,
libSceAmpr,gAtc79UTt5E,sceAmprMeasureCommandSizeWriteAddressFromTimeCounter_04_00,libSceAmpr.sprx,129a972cdb762d1b362ad136cdb802f5cac7d3a5f48ecb8b7e5d695c70af4047,defined_body,00003e50,gAtc79UTt5E#C#A,58fe4ced08139bc26b1ef24986e1b2048bbd641c08d33fa207450f00fe6a0a4d,10,true,add_gen5_prefer_lle_registration,Ghidra resolved an executable provider body; add an exact Gen5 PreferLle registration.,0,false,,
libSceAmpr,4fgtGfXDrFc,sceAmprMeasureCommandSizeWriteAddress_04_00,libSceAmpr.sprx,129a972cdb762d1b362ad136cdb802f5cac7d3a5f48ecb8b7e5d695c70af4047,defined_body,00003dd0,4fgtGfXDrFc#C#A,9d327db687bc72f8acc64a5daaa9f995d33bb0995f62b3c7c0b67dfabc41d683,23,true,add_gen5_prefer_lle_registration,Ghidra resolved an executable provider body; add an exact Gen5 PreferLle registration.,0,false,,
libSceAmpr,I-Qm+MEso5c,sceAmprMeasureCommandSizeWriteCounter_04_00,libSceAmpr.sprx,129a972cdb762d1b362ad136cdb802f5cac7d3a5f48ecb8b7e5d695c70af4047,defined_body,00003f50,I-Qm+MEso5c#C#A,a45a24489682348f4ac826a1b05a38629462f6a06d124a80e33627728f57a051,44,true,add_gen5_prefer_lle_registration,Ghidra resolved an executable provider body; add an exact Gen5 PreferLle registration.,0,false,,
libSceJson2,PR5k1penBLM,_ZN3sce4Json11Initializer9terminateEv,libSceJson2.sprx,1ca532e78ed5e02c553e99ebb01751df6baaefa0bd6481c69db56e08536ba06c,defined_body,00000950,PR5k1penBLM#C#A,4bda51c5b3097a2a6bec3fe763c0fd10d75bd96d0442c2ed39c7f3581dbb186d,253,true,add_gen5_prefer_lle_registration,Ghidra resolved an executable provider body; add an exact Gen5 PreferLle registration.,0,false,,
libSceJson2,zQtLRTqceMY,_ZN3sce4Json5Array9push_backERKNS0_5ValueE,libSceJson2.sprx,1ca532e78ed5e02c553e99ebb01751df6baaefa0bd6481c69db56e08536ba06c,defined_body,0000c240,zQtLRTqceMY#C#A,6ec2f0a155c5f9038d9160706e64b6534f6342ac762134408346c67ed4853428,120,true,add_gen5_prefer_lle_registration,Ghidra resolved an executable provider body; add an exact Gen5 PreferLle registration.,0,false,,
libSceJson2,nM5XqdeXFPw,_ZN3sce4Json5Value10referArrayEv,libSceJson2.sprx,1ca532e78ed5e02c553e99ebb01751df6baaefa0bd6481c69db56e08536ba06c,defined_body,00004420,nM5XqdeXFPw#C#A,eab7c21cf9b7afd6a285fd0989e3da78c6a6e27ecc9fd1252a322edb8b27f165,6,true,add_gen5_prefer_lle_registration,Ghidra resolved an executable provider body; add an exact Gen5 PreferLle registration.,0,false,,
libSceJson2,-NxEk7XLkDY,_ZN3sce4Json5Value11referObjectEv,libSceJson2.sprx,1ca532e78ed5e02c553e99ebb01751df6baaefa0bd6481c69db56e08536ba06c,defined_body,00004430,-NxEk7XLkDY#C#A,7439af5116049a3588e578c5af1efb61283cce1b6a5c17d1fafa4e93f7629872,6,true,add_gen5_prefer_lle_registration,Ghidra resolved an executable provider body; add an exact Gen5 PreferLle registration.,0,false,,
libSceJson2,R7FDWtcN6f8,_ZN3sce4Json5Value9serializeERNS0_6StringE,libSceJson2.sprx,1ca532e78ed5e02c553e99ebb01751df6baaefa0bd6481c69db56e08536ba06c,defined_body,000038d0,R7FDWtcN6f8#C#A,49a7eeb10ff3c27fa7810f262928a0668cd51e51c708da36ce950230b9a90f1c,41,true,add_gen5_prefer_lle_registration,Ghidra resolved an executable provider body; add an exact Gen5 PreferLle registration.,0,false,,
libSceJson2,3xUXnmUkXfo,_ZN3sce4Json5ValueC1ERKNS0_6ObjectE,libSceJson2.sprx,1ca532e78ed5e02c553e99ebb01751df6baaefa0bd6481c69db56e08536ba06c,defined_body,00001eb0,JXlrCLLCLmc#C#A,00383cf81170f625a97d21e96c746a4ece2269ef4818d8f1a24cc3989dedfbb8,25,true,add_gen5_prefer_lle_registration,Ghidra resolved an executable provider body; add an exact Gen5 PreferLle registration.,0,false,,
libSceJson2,oH8aBmLU+fc,_ZN3sce4Json6Object5clearEv,libSceJson2.sprx,1ca532e78ed5e02c553e99ebb01751df6baaefa0bd6481c69db56e08536ba06c,defined_body,0000d6d0,oH8aBmLU+fc#C#A,b5ff8cc8c367cdd77a70987e62b46a3a4235ff0ff4eba595502976913035014a,4,true,add_gen5_prefer_lle_registration,Ghidra resolved an executable provider body; add an exact Gen5 PreferLle registration.,0,false,,
libSceJson2,a+W7HHlwpBs,_ZN3sce4Json6ObjectC1ERKS1_,libSceJson2.sprx,1ca532e78ed5e02c553e99ebb01751df6baaefa0bd6481c69db56e08536ba06c,defined_body,0000d320,a+W7HHlwpBs#C#A,f8e68281f3cfcf4a15415de0497614ec7dc21bc45c1f6165fe08e53bf41245bf,62,true,add_gen5_prefer_lle_registration,Ghidra resolved an executable provider body; add an exact Gen5 PreferLle registration.,0,false,,
libSceJson2,OJPTonqdg0I,_ZN3sce4Json6ObjectC1Ev,libSceJson2.sprx,1ca532e78ed5e02c553e99ebb01751df6baaefa0bd6481c69db56e08536ba06c,defined_body,0000d220,SkKczWHdklc#C#A,f2b3a8c0b45bb4031f5140261c2a256969b3860fb7d000b0e669de25664412d5,65,true,add_gen5_prefer_lle_registration,Ghidra resolved an executable provider body; add an exact Gen5 PreferLle registration.,0,false,,
libSceJson2,5JmzZt8twAo,_ZN3sce4Json6ObjectD1Ev,libSceJson2.sprx,1ca532e78ed5e02c553e99ebb01751df6baaefa0bd6481c69db56e08536ba06c,defined_body,0000d520,1siRBursJjw#C#A,ed305db4cdff8e4c9c824a68c4a5af90d48949a922839922aee666a0097933dd,26,true,add_gen5_prefer_lle_registration,Ghidra resolved an executable provider body; add an exact Gen5 PreferLle registration.,0,false,,
libSceJson2,urOpESTBZmo,_ZN3sce4Json6ObjectaSERKS1_,libSceJson2.sprx,1ca532e78ed5e02c553e99ebb01751df6baaefa0bd6481c69db56e08536ba06c,defined_body,0000e400,urOpESTBZmo#C#A,7de0779103df11cf8fa177561f1d29f2d2c4dc2fbc1d2365a1ae2aaaeb4a9716,26,true,add_gen5_prefer_lle_registration,Ghidra resolved an executable provider body; add an exact Gen5 PreferLle registration.,0,false,,
libSceJson2,ERuf9y0DY84,_ZN3sce4Json6ObjectixERKNS0_6StringE,libSceJson2.sprx,1ca532e78ed5e02c553e99ebb01751df6baaefa0bd6481c69db56e08536ba06c,defined_body,0000e450,ERuf9y0DY84#C#A,709e43e2ff69923b39238b7b82aaceb599c69d45ebc8a0ad04c017d087ba2d10,152,true,add_gen5_prefer_lle_registration,Ghidra resolved an executable provider body; add an exact Gen5 PreferLle registration.,0,false,,
libSceJson2,cn9svYGWKDQ,_ZN3sce4Json6StringaSERKS1_,libSceJson2.sprx,1ca532e78ed5e02c553e99ebb01751df6baaefa0bd6481c69db56e08536ba06c,defined_body,0000af70,cn9svYGWKDQ#C#A,48a27181a06ce10be1bd004832e746829a71642ec03d5b806af9c42cee329e8b,47,true,add_gen5_prefer_lle_registration,Ghidra resolved an executable provider body; add an exact Gen5 PreferLle registration.,0,false,,
libSceJson2,bAM9Qwofus0,_ZNK3sce4Json5Array4backEv,libSceJson2.sprx,1ca532e78ed5e02c553e99ebb01751df6baaefa0bd6481c69db56e08536ba06c,defined_body,0000c180,bAM9Qwofus0#C#A,c5679ce55c9857ebb6a0698eeb1c6f84869038c4f87c2609eca95e6b0cf63554,10,true,add_gen5_prefer_lle_registration,Ghidra resolved an executable provider body; add an exact Gen5 PreferLle registration.,0,false,,
libSceJson2,rQGJeNjOuUk,_ZNK3sce4Json5Array4sizeEv,libSceJson2.sprx,1ca532e78ed5e02c553e99ebb01751df6baaefa0bd6481c69db56e08536ba06c,defined_body,0000c1c0,rQGJeNjOuUk#C#A,3fcf24be2c6df57f5ba1a79ab708cb12ade8ed1ecaf99c87f44f60e9c1e845c1,7,true,add_gen5_prefer_lle_registration,Ghidra resolved an executable provider body; add an exact Gen5 PreferLle registration.,0,false,,
libSceJson2,IlsmvBtMkak,_ZNK3sce4Json5Value9getObjectEv,libSceJson2.sprx,1ca532e78ed5e02c553e99ebb01751df6baaefa0bd6481c69db56e08536ba06c,defined_body,000048f0,IlsmvBtMkak#C#A,cdd0a2cda43be968d15243369d03c42b6543f42a9daab08083ad79b635801355,97,true,add_gen5_prefer_lle_registration,Ghidra resolved an executable provider body; add an exact Gen5 PreferLle registration.,0,false,,
libSceJson2,EUH+EmT-v9E,_ZNK3sce4Json6String6lengthEv,libSceJson2.sprx,1ca532e78ed5e02c553e99ebb01751df6baaefa0bd6481c69db56e08536ba06c,defined_body,0000ad30,EUH+EmT-v9E#C#A,45ba83ea9e98011bf57fd74f25a015b8a80dedaa5ee3ca4271779e2836d0d1cf,7,true,add_gen5_prefer_lle_registration,Ghidra resolved an executable provider body; add an exact Gen5 PreferLle registration.,0,false,,
libSceNpManager,KfGZg2y73oM,sceNpCheckNpReachability,libSceNpManager.sprx,2c192ec03cf2b3a8acc24c2aefd98ef8232c2bdbdf2f678deb980397ed48cb72,defined_body,00018660,KfGZg2y73oM#N#A,8afe73dc6cc7079c61987d5a66599d02fc79e7cf2bb4b6c4795584460cc2834d,90,true,add_gen5_prefer_lle_registration,Ghidra resolved an executable provider body; add an exact Gen5 PreferLle registration.,0,false,,
libSceNpManager,O80NrhUOPGY,sceNpCheckPremium,libSceNpManager.sprx,2c192ec03cf2b3a8acc24c2aefd98ef8232c2bdbdf2f678deb980397ed48cb72,defined_body,00018ba0,O80NrhUOPGY#N#A,217f9fe0e9fa1f52673c12a2cf8f7ba43c98754610ead1b8f57beec0b9549dcc,168,true,add_gen5_prefer_lle_registration,Ghidra resolved an executable provider body; add an exact Gen5 PreferLle registration.,0,false,,
libSceNpManager,+4DegjBqV1g,sceNpGetAccountAge,libSceNpManager.sprx,2c192ec03cf2b3a8acc24c2aefd98ef8232c2bdbdf2f678deb980397ed48cb72,defined_body,00017c40,+4DegjBqV1g#N#A,731211a6a77109c4fdbf1dfb7b01bda9314bcfee4fc15a0681e1f6318c03d1eb,95,true,add_gen5_prefer_lle_registration,Ghidra resolved an executable provider body; add an exact Gen5 PreferLle registration.,0,false,,
libSceNpManager,P6piso307SE,sceNpNotifyPremiumFeature,libSceNpManager.sprx,2c192ec03cf2b3a8acc24c2aefd98ef8232c2bdbdf2f678deb980397ed48cb72,defined_body,00016bc0,P6piso307SE#N#A,131d8d977e07f1fd065229ff04fbb3c1732a4d783ad81cdacc56cbaef41c56ed,82,true,add_gen5_prefer_lle_registration,Ghidra resolved an executable provider body; add an exact Gen5 PreferLle registration.,0,false,,
libSceNpManager,hw5KNqAAels,sceNpRegisterNpReachabilityStateCallback,libSceNpManager.sprx,2c192ec03cf2b3a8acc24c2aefd98ef8232c2bdbdf2f678deb980397ed48cb72,defined_body,000163a0,hw5KNqAAels#N#A,dfffbf0071526228482de09272cf980072aaa9973c086f36f2dc899080c29a4d,54,true,add_gen5_prefer_lle_registration,Ghidra resolved an executable provider body; add an exact Gen5 PreferLle registration.,0,false,,
libSceNpWebApi2,zpiPsH7dbFQ,sceNpWebApi2AbortRequest,libSceNpWebApi2.sprx,9a7099ab99a65f1b818a8e61897ffcb31b02b74d6e0c2765688b4c3b71ed4ca5,defined_internal_thunk,00004ec0,zpiPsH7dbFQ#Q#A,81da6bb5ac6bc5ecc3c850681013a05a21d0fd1b049169987d1da3fd0595fad8,1,true,add_gen5_prefer_lle_registration,Ghidra resolved an executable provider body; add an exact Gen5 PreferLle registration.,0,false,,
libSceNpWebApi2,egOOvrnF6mI,sceNpWebApi2AddHttpRequestHeader,libSceNpWebApi2.sprx,9a7099ab99a65f1b818a8e61897ffcb31b02b74d6e0c2765688b4c3b71ed4ca5,defined_body,00004e60,egOOvrnF6mI#Q#A,6dd61f492560151349e3d2c9be57ae515bf8949a5719510e140db11d354a7353,6,true,add_gen5_prefer_lle_registration,Ghidra resolved an executable provider body; add an exact Gen5 PreferLle registration.,0,false,,
libSceNpWebApi2,3EI-OSJ65Xc,sceNpWebApi2CreateRequest,libSceNpWebApi2.sprx,9a7099ab99a65f1b818a8e61897ffcb31b02b74d6e0c2765688b4c3b71ed4ca5,defined_body,00004be0,3EI-OSJ65Xc#Q#A,00ba560e34b6df9e3fad4b5f276534cd082c0b50bd0fc15d9c3ba0d35345abf6,27,true,add_gen5_prefer_lle_registration,Ghidra resolved an executable provider body; add an exact Gen5 PreferLle registration.,0,false,,
libSceNpWebApi2,vvzWO-DvG1s,sceNpWebApi2DeleteRequest,libSceNpWebApi2.sprx,9a7099ab99a65f1b818a8e61897ffcb31b02b74d6e0c2765688b4c3b71ed4ca5,defined_internal_thunk,00004d60,vvzWO-DvG1s#Q#A,f3e35289cbcb5eaec8ccc5388a9d1ec1b4b421be149f4c3a544d0f6a2637c217,1,true,add_gen5_prefer_lle_registration,Ghidra resolved an executable provider body; add an exact Gen5 PreferLle registration.,0,false,,
libSceNpWebApi2,9X9+cneTGUU,sceNpWebApi2DeleteUserContext,libSceNpWebApi2.sprx,9a7099ab99a65f1b818a8e61897ffcb31b02b74d6e0c2765688b4c3b71ed4ca5,defined_internal_thunk,00004b90,9X9+cneTGUU#Q#A,bfb15910920ad95e87472fa7569cfe92e624689494dfc8ca8603b16391b6361b,1,true,add_gen5_prefer_lle_registration,Ghidra resolved an executable provider body; add an exact Gen5 PreferLle registration.,0,false,,
libSceNpWebApi2,hksbskNToEA,sceNpWebApi2GetHttpResponseHeaderValue,libSceNpWebApi2.sprx,9a7099ab99a65f1b818a8e61897ffcb31b02b74d6e0c2765688b4c3b71ed4ca5,defined_body,00004ea0,hksbskNToEA#Q#A,42e801e1eb8bcf6f573eb330ecaf78d22b64e0e1a1938ac80c60ebee6b496281,10,true,add_gen5_prefer_lle_registration,Ghidra resolved an executable provider body; add an exact Gen5 PreferLle registration.,0,false,,
libSceNpWebApi2,HwP3aM+c85c,sceNpWebApi2GetHttpResponseHeaderValueLength,libSceNpWebApi2.sprx,9a7099ab99a65f1b818a8e61897ffcb31b02b74d6e0c2765688b4c3b71ed4ca5,defined_body,00004e80,HwP3aM+c85c#Q#A,9816c1e9535d0ea9bccdd12a195a56c7ddc6a261db0c054eef2cce25dd219219,10,true,add_gen5_prefer_lle_registration,Ghidra resolved an executable provider body; add an exact Gen5 PreferLle registration.,0,false,,
libSceNpWebApi2,MsaFhR+lPE4,sceNpWebApi2PushEventCreateFilter,libSceNpWebApi2.sprx,9a7099ab99a65f1b818a8e61897ffcb31b02b74d6e0c2765688b4c3b71ed4ca5,defined_body,00007f80,MsaFhR+lPE4#Q#A,046987c63670b6e3698a46c834fd620505f6d8f4dea774e088ecacbd4277eeec,49,true,add_gen5_prefer_lle_registration,Ghidra resolved an executable provider body; add an exact Gen5 PreferLle registration.,0,false,,
libSceNpWebApi2,NNVf18SlbT8,sceNpWebApi2PushEventCreatePushContext,libSceNpWebApi2.sprx,9a7099ab99a65f1b818a8e61897ffcb31b02b74d6e0c2765688b4c3b71ed4ca5,defined_body,000080d0,NNVf18SlbT8#Q#A,a319aace75b18634e77b80dbfb3066fe9995ac01cd42bb0644a6d928ad59b8d6,43,true,add_gen5_prefer_lle_registration,Ghidra resolved an executable provider body; add an exact Gen5 PreferLle registration.,0,false,,
libSceNpWebApi2,KJdPcOGmK58,sceNpWebApi2PushEventDeleteFilter,libSceNpWebApi2.sprx,9a7099ab99a65f1b818a8e61897ffcb31b02b74d6e0c2765688b4c3b71ed4ca5,defined_internal_thunk,00008000,KJdPcOGmK58#Q#A,bd98cc1d9f94785bfd065c041a2bb6e3b62f6d005aef163d68872fb13534a35d,1,true,add_gen5_prefer_lle_registration,Ghidra resolved an executable provider body; add an exact Gen5 PreferLle registration.,0,false,,
libSceNpWebApi2,fIATVMo4Y1w,sceNpWebApi2PushEventDeleteHandle,libSceNpWebApi2.sprx,9a7099ab99a65f1b818a8e61897ffcb31b02b74d6e0c2765688b4c3b71ed4ca5,defined_internal_thunk,00007f70,fIATVMo4Y1w#Q#A,73e800c72f57858b78b33e81688bfcb2650fb77d11796672b2ce6af8a8a94d48,1,true,add_gen5_prefer_lle_registration,Ghidra resolved an executable provider body; add an exact Gen5 PreferLle registration.,0,false,,
libSceNpWebApi2,QafxeZM3WK4,sceNpWebApi2PushEventDeletePushContext,libSceNpWebApi2.sprx,9a7099ab99a65f1b818a8e61897ffcb31b02b74d6e0c2765688b4c3b71ed4ca5,defined_body,000080e0,QafxeZM3WK4#Q#A,9a5be60235a3bc8d9336be8eee4ea9badd12838d5c25e6a9e174f588459798dc,48,true,add_gen5_prefer_lle_registration,Ghidra resolved an executable provider body; add an exact Gen5 PreferLle registration.,0,false,,
libSceNpWebApi2,fY3QqeNkF8k,sceNpWebApi2PushEventRegisterCallback,libSceNpWebApi2.sprx,9a7099ab99a65f1b818a8e61897ffcb31b02b74d6e0c2765688b4c3b71ed4ca5,defined_body,00008010,fY3QqeNkF8k#Q#A,ae0f483691f0381ceb817127cd3223e1cd348775543491b3606d484711076049,69,true,add_gen5_prefer_lle_registration,Ghidra resolved an executable provider body; add an exact Gen5 PreferLle registration.,0,false,,
libSceNpWebApi2,AAj9X+4aGYA,sceNpWebApi2PushEventStartPushContextCallback,libSceNpWebApi2.sprx,9a7099ab99a65f1b818a8e61897ffcb31b02b74d6e0c2765688b4c3b71ed4ca5,defined_body,000080f0,AAj9X+4aGYA#Q#A,aed87c9910921053fef8009fed172b9ab3efb39325e28b34c946dae616f6e74f,43,true,add_gen5_prefer_lle_registration,Ghidra resolved an executable provider body; add an exact Gen5 PreferLle registration.,0,false,,
libSceNpWebApi2,hOnIlcGrO6g,sceNpWebApi2PushEventUnregisterCallback,libSceNpWebApi2.sprx,9a7099ab99a65f1b818a8e61897ffcb31b02b74d6e0c2765688b4c3b71ed4ca5,defined_internal_thunk,00008020,hOnIlcGrO6g#Q#A,f2020c964c5f5aa5814166170a03f6a731d542d45097b7a25c49573c0365bd65,1,true,add_gen5_prefer_lle_registration,Ghidra resolved an executable provider body; add an exact Gen5 PreferLle registration.,0,false,,
libSceNpWebApi2,OOY9+ObfKec,sceNpWebApi2ReadData,libSceNpWebApi2.sprx,9a7099ab99a65f1b818a8e61897ffcb31b02b74d6e0c2765688b4c3b71ed4ca5,defined_body,00004e20,OOY9+ObfKec#Q#A,a67ac386f352d2de28c8338c8e2076ac2b534d5f1ea7fc1705a61b9257f53607,137,true,add_gen5_prefer_lle_registration,Ghidra resolved an executable provider body; add an exact Gen5 PreferLle registration.,0,false,,
libSceNpWebApi2,lQOCF84lvzw,sceNpWebApi2SendRequest,libSceNpWebApi2.sprx,9a7099ab99a65f1b818a8e61897ffcb31b02b74d6e0c2765688b4c3b71ed4ca5,defined_body,00004d70,lQOCF84lvzw#Q#A,2d8b2b3eac955c0813274150a152b128ea972d3382b94a9df3808835e4757a2f,22,true,add_gen5_prefer_lle_registration,Ghidra resolved an executable provider body; add an exact Gen5 PreferLle registration.,0,false,,
libSceVoice,oV9GAdJ23Gw,sceVoiceConnectIPortToOPort,libSceVoice.sprx,bacd6c18bde775e27eade58f33460c86a7cad68b5c2716ce12b6bec8bd138df3,defined_body,000196e0,oV9GAdJ23Gw#L#A,ab9f7b1a4cf9f2f21d0c4ac247c7456ff53fd8b2375947a443b184deba4911ad,51,true,add_gen5_prefer_lle_registration,Ghidra resolved an executable provider body; add an exact Gen5 PreferLle registration.,0,false,,
libSceVoice,nXpje5yNpaE,sceVoiceCreatePort,libSceVoice.sprx,bacd6c18bde775e27eade58f33460c86a7cad68b5c2716ce12b6bec8bd138df3,defined_body,00019560,nXpje5yNpaE#L#A,b219fc0748a3a8d0bf712a7ce30271fd3c289b574e242974d7a94d6f7203c197,55,true,add_gen5_prefer_lle_registration,Ghidra resolved an executable provider body; add an exact Gen5 PreferLle registration.,0,false,,
libSceVoice,b7kJI+nx2hg,sceVoiceDeletePort,libSceVoice.sprx,bacd6c18bde775e27eade58f33460c86a7cad68b5c2716ce12b6bec8bd138df3,defined_body,00019840,b7kJI+nx2hg#L#A,d37c491001410b38809058addfb56e0df487181e72cde5b178d76d959b30f09b,45,true,add_gen5_prefer_lle_registration,Ghidra resolved an executable provider body; add an exact Gen5 PreferLle registration.,0,false,,
libSceVoice,ajVj3QG2um4,sceVoiceDisconnectIPortFromOPort,libSceVoice.sprx,bacd6c18bde775e27eade58f33460c86a7cad68b5c2716ce12b6bec8bd138df3,defined_body,00019790,ajVj3QG2um4#L#A,cf4b635c967d3658d12a28f7eb547477e5b009e542be9b759cbd4ef4d2c5b0bb,51,true,add_gen5_prefer_lle_registration,Ghidra resolved an executable provider body; add an exact Gen5 PreferLle registration.,0,false,,
libSceVoice,Oo0S5PH7FIQ,sceVoiceEnd,libSceVoice.sprx,bacd6c18bde775e27eade58f33460c86a7cad68b5c2716ce12b6bec8bd138df3,defined_body,00017b40,Oo0S5PH7FIQ#L#A,707da8449763290258462186bfa24438a89de439833153e3fbb5730a8adf9f0a,42,true,add_gen5_prefer_lle_registration,Ghidra resolved an executable provider body; add an exact Gen5 PreferLle registration.,0,false,,
libSceVoice,cJLufzou6bc,sceVoiceGetBitRate,libSceVoice.sprx,bacd6c18bde775e27eade58f33460c86a7cad68b5c2716ce12b6bec8bd138df3,defined_body,00018890,cJLufzou6bc#L#A,e43f47255c805cbc85f25543c72ac0a12488eef8184b22ca96c113f4cac2ae44,56,true,add_gen5_prefer_lle_registration,Ghidra resolved an executable provider body; add an exact Gen5 PreferLle registration.,0,false,,
libSceVoice,elcxZTEfHZM,sceVoiceGetPortAttr,libSceVoice.sprx,bacd6c18bde775e27eade58f33460c86a7cad68b5c2716ce12b6bec8bd138df3,defined_body,00018a10,elcxZTEfHZM#L#A,b7ac0ef3646b82f31c20ed99ce5de5861b167a007ab25a6182a9aea012cddbde,99,true,add_gen5_prefer_lle_registration,Ghidra resolved an executable provider body; add an exact Gen5 PreferLle registration.,0,false,,
libSceVoice,CrLqDwWLoXM,sceVoiceGetPortInfo,libSceVoice.sprx,bacd6c18bde775e27eade58f33460c86a7cad68b5c2716ce12b6bec8bd138df3,defined_body,00019970,CrLqDwWLoXM#L#A,1745d0ef17b1d5be4f236ad5d93c0cac4dbfa8fa8dd1d3f16630032fcd89121d,24,true,add_gen5_prefer_lle_registration,Ghidra resolved an executable provider body; add an exact Gen5 PreferLle registration.,0,false,,
libSceVoice,9TrhuGzberQ,sceVoiceInit,libSceVoice.sprx,bacd6c18bde775e27eade58f33460c86a7cad68b5c2716ce12b6bec8bd138df3,defined_body,00017a90,9TrhuGzberQ#L#A,5f10f6bcdd0e6748e9632b2399819de74ca97e7df2185ed6f6dc3908dff92a40,43,true,add_gen5_prefer_lle_registration,Ghidra resolved an executable provider body; add an exact Gen5 PreferLle registration.,0,false,,
libSceVoice,cQ6DGsQEjV4,sceVoiceReadFromOPort,libSceVoice.sprx,bacd6c18bde775e27eade58f33460c86a7cad68b5c2716ce12b6bec8bd138df3,defined_body,00019930,cQ6DGsQEjV4#L#A,1efe8462cccacdc6e9767773588d6b194bee2377941f66f8382080bd75b6501c,20,true,add_gen5_prefer_lle_registration,Ghidra resolved an executable provider body; add an exact Gen5 PreferLle registration.,0,false,,
libSceVoice,clyKUyi3RYU,sceVoiceSetThreadsParams,libSceVoice.sprx,bacd6c18bde775e27eade58f33460c86a7cad68b5c2716ce12b6bec8bd138df3,defined_body,00017e60,clyKUyi3RYU#L#A,f9cd5c60af471e0a5de71f4d39836f4560697005f42be6bb570bc32b59356204,42,true,add_gen5_prefer_lle_registration,Ghidra resolved an executable provider body; add an exact Gen5 PreferLle registration.,0,false,,
libSceVoice,QBFoAIjJoXQ,sceVoiceSetVolume,libSceVoice.sprx,bacd6c18bde775e27eade58f33460c86a7cad68b5c2716ce12b6bec8bd138df3,defined_body,00018650,QBFoAIjJoXQ#L#A,e02d26f1b5833ecbb7c53f6d324f4c81064daf99d9ccf4c9e08d4ae0a2753db7,57,true,add_gen5_prefer_lle_registration,Ghidra resolved an executable provider body; add an exact Gen5 PreferLle registration.,0,false,,
libSceVoice,54phPH2LZls,sceVoiceStart,libSceVoice.sprx,bacd6c18bde775e27eade58f33460c86a7cad68b5c2716ce12b6bec8bd138df3,defined_body,00017bf0,54phPH2LZls#L#A,bb9760d96ca663fc2d8f79bd713e2b909eb6ebbeb52b60500fef3666fd15a6ab,46,true,add_gen5_prefer_lle_registration,Ghidra resolved an executable provider body; add an exact Gen5 PreferLle registration.,0,false,,
libSceVoice,Ao2YNSA7-Qo,sceVoiceStop,libSceVoice.sprx,bacd6c18bde775e27eade58f33460c86a7cad68b5c2716ce12b6bec8bd138df3,defined_body,00017ca0,Ao2YNSA7-Qo#L#A,4a041c39c75b0c345de17382ca9be91459c61a71c4af6fccaabc239eb852c5cd,36,true,add_gen5_prefer_lle_registration,Ghidra resolved an executable provider body; add an exact Gen5 PreferLle registration.,0,false,,
libSceVoice,YeJl6yDlhW0,sceVoiceWriteToIPort,libSceVoice.sprx,bacd6c18bde775e27eade58f33460c86a7cad68b5c2716ce12b6bec8bd138df3,defined_body,000198e0,YeJl6yDlhW0#L#A,4b639e473b0c4cf0f41551231a84d44631d2d6e01854ea51db0ab9e621370765,22,true,add_gen5_prefer_lle_registration,Ghidra resolved an executable provider body; add an exact Gen5 PreferLle registration.,0,false,,
libSceAjm,39WxhR-ePew,sceAjmBatchJobDecode,libSceAjm.sprx,c7f70f6582a315df1f1f5541100bf83c78f179ce8736e6a2dca39acc0ee1c95e,missing_symbol,,,,,false,exclude_missing_provider_symbol,The audited Gen5 provider has no matching symbol; retain HLE if one exists.,0,false,,
libSceAjm,5tOfnaClcqM,sceAjmBatchStart,libSceAjm.sprx,c7f70f6582a315df1f1f5541100bf83c78f179ce8736e6a2dca39acc0ee1c95e,missing_symbol,,,,,false,exclude_missing_provider_symbol,The audited Gen5 provider has no matching symbol; retain HLE if one exists.,0,false,,
libSceAjm,-qLsfDAywIY,sceAjmBatchWait,libSceAjm.sprx,c7f70f6582a315df1f1f5541100bf83c78f179ce8736e6a2dca39acc0ee1c95e,defined_body,00000880,-qLsfDAywIY#C#A,70c588f1f34ccdeab5210e96a0aa22d4b57ab4ebf8950de438deec34ebd8f8ba,53,true,add_gen5_prefer_lle_registration,Ghidra resolved an executable provider body; add an exact Gen5 PreferLle registration.,0,false,,
libSceGameLiveStreaming,kvYEw2lBndk,sceGameLiveStreamingInitialize,libSceGameLiveStreaming.sprx,93b31789fc637b0fa3f4c7fd9364f21130958583bfb10c717c222dac9fc3c369,defined_body,000013e0,kvYEw2lBndk#H#A,37461092d566ab0b844991d3f3792237bcaf49a773eb13f436a4fc1c0b8d96c0,108,true,add_gen5_prefer_lle_registration,Ghidra resolved an executable provider body; add an exact Gen5 PreferLle registration.,0,false,,
libSceGameLiveStreaming,9yK6Fk8mKOQ,sceGameLiveStreamingTerminate,libSceGameLiveStreaming.sprx,93b31789fc637b0fa3f4c7fd9364f21130958583bfb10c717c222dac9fc3c369,defined_body,00001340,9yK6Fk8mKOQ#H#A,234d251cc196b2492b549670b9a436aee17e519ce43f9b110ae55ad16a3858ce,31,true,add_gen5_prefer_lle_registration,Ghidra resolved an executable provider body; add an exact Gen5 PreferLle registration.,0,false,,
libSceNet,hLuXdjHnhiI,sceNetGetSockInfo,libSceNet.sprx,c04e1735a3f80a502c120610a43d0d37741f7ef90040d6b9d3346cc43988c64d,defined_body,00004180,hLuXdjHnhiI#C#A,6ba5aac6a5fb5de9b53c55809a30651260b326354777a11ca2649480c655edcc,4,true,add_gen5_prefer_lle_registration,Ghidra resolved an executable provider body; add an exact Gen5 PreferLle registration.,0,false,,
libSceNet,8Kcp5d-q1Uo,sceNetInetPton,libSceNet.sprx,c04e1735a3f80a502c120610a43d0d37741f7ef90040d6b9d3346cc43988c64d,defined_body,000034a0,8Kcp5d-q1Uo#C#A,1a4f9482c2d96875c26eedbc2d5976d6ba0e1cf259e90f48355b76331ed4934c,2,true,add_gen5_prefer_lle_registration,Ghidra resolved an executable provider body; add an exact Gen5 PreferLle registration.,0,false,,
libSceNet,9wO9XrMsNhc,sceNetRecv,libSceNet.sprx,c04e1735a3f80a502c120610a43d0d37741f7ef90040d6b9d3346cc43988c64d,defined_body,00004320,9wO9XrMsNhc#C#A,5757e76eb9cc5773185071d3d6fdf41314f1ecc775277acf7ab6a28acccfa3d2,3,true,add_gen5_prefer_lle_registration,Ghidra resolved an executable provider body; add an exact Gen5 PreferLle registration.,0,false,,
libSceNet,Nd91WaWmG2w,sceNetResolverStartNtoa,libSceNet.sprx,c04e1735a3f80a502c120610a43d0d37741f7ef90040d6b9d3346cc43988c64d,defined_body,00003610,Nd91WaWmG2w#C#A,f7313eabbaaea05f2b76bfb95e11ae50a4503cdec0093c8516f2e518d1f39ba0,65,true,add_gen5_prefer_lle_registration,Ghidra resolved an executable provider body; add an exact Gen5 PreferLle registration.,0,false,,
libSceNet,beRjXBn-z+o,sceNetSend,libSceNet.sprx,c04e1735a3f80a502c120610a43d0d37741f7ef90040d6b9d3346cc43988c64d,defined_body,000042f0,beRjXBn-z+o#C#A,a0858649c4d847285e2a2370be87552b899cf45dd5fcde92b3c867524c4668c7,3,true,add_gen5_prefer_lle_registration,Ghidra resolved an executable provider body; add an exact Gen5 PreferLle registration.,0,false,,
libSceNetCtl,0cBgduPRR+M,sceNetCtlGetResult,libSceNetCtl.sprx,8ef1a46c912528979daa7dad7bee48df808793f3aede0545b0453d19ecf7c38b,defined_body,000032d0,0cBgduPRR+M#H#A,887f9e4a09fae7c9e3732f07a280ddfa25705a28be9eab9a32a2ff1f5ff5fc7b,11,true,add_gen5_prefer_lle_registration,Ghidra resolved an executable provider body; add an exact Gen5 PreferLle registration.,0,false,,
libSceNetCtl,Z4wwCFiBELQ,sceNetCtlTerm,libSceNetCtl.sprx,8ef1a46c912528979daa7dad7bee48df808793f3aede0545b0453d19ecf7c38b,defined_body,00002110,Z4wwCFiBELQ#H#A,ae3f4619b0413d70d3004b9131c3752153074e45725be13b9a148978895e359e,1,true,add_gen5_prefer_lle_registration,Ghidra resolved an executable provider body; add an exact Gen5 PreferLle registration.,0,false,,
libSceNetCtl,Rqm2OnZMCz0,sceNetCtlUnregisterCallback,libSceNetCtl.sprx,8ef1a46c912528979daa7dad7bee48df808793f3aede0545b0453d19ecf7c38b,defined_body,000025c0,Rqm2OnZMCz0#H#A,19d5577e981c34c97771bb4458db17723f96efbf1448b46c63f09f7e68f72be4,32,true,add_gen5_prefer_lle_registration,Ghidra resolved an executable provider body; add an exact Gen5 PreferLle registration.,0,false,,
libSceNpAuth,cE7wIsqXdZ8,sceNpAuthAbortRequest,libSceNpAuth.sprx,8492348ec1cf7be009b7b5f80a52b71ebb04e73998e55e26b2e03aac8e01edda,defined_body,00002580,cE7wIsqXdZ8#E#A,fb6b206b9aab4d5f2166665f4eabc1c16c315788c32c034564327fb028ba9352,18,true,add_gen5_prefer_lle_registration,Ghidra resolved an executable provider body; add an exact Gen5 PreferLle registration.,0,false,,
libSceNpAuth,N+mr7GjTvr8,sceNpAuthCreateAsyncRequest,libSceNpAuth.sprx,8492348ec1cf7be009b7b5f80a52b71ebb04e73998e55e26b2e03aac8e01edda,defined_body,00002500,N+mr7GjTvr8#E#A,b18b99628a9671b6a7a43c37c8a733fd7ad6f43e02600704888565577feecfd3,27,true,add_gen5_prefer_lle_registration,Ghidra resolved an executable provider body; add an exact Gen5 PreferLle registration.,0,false,,
libSceNpAuth,H8wG9Bk-nPc,sceNpAuthDeleteRequest,libSceNpAuth.sprx,8492348ec1cf7be009b7b5f80a52b71ebb04e73998e55e26b2e03aac8e01edda,defined_body,00002550,H8wG9Bk-nPc#E#A,daa4536b3cb8f152077e4f87d0c88351da4e154b2baeb99163e8615541cf36b7,18,true,add_gen5_prefer_lle_registration,Ghidra resolved an executable provider body; add an exact Gen5 PreferLle registration.,0,false,,
libSceNpAuth,KI4dHLlTNl0,sceNpAuthGetAuthorizationCodeV3,libSceNpAuth.sprx,8492348ec1cf7be009b7b5f80a52b71ebb04e73998e55e26b2e03aac8e01edda,defined_body,00002830,KI4dHLlTNl0#E#A,c3c744a13dafc3ab639bdc1c5c61a5b9461f1dc72e383d25774271484003e31c,24,true,add_gen5_prefer_lle_registration,Ghidra resolved an executable provider body; add an exact Gen5 PreferLle registration.,0,false,,
libSceNpAuth,gjSyfzSsDcE,sceNpAuthPollAsync,libSceNpAuth.sprx,8492348ec1cf7be009b7b5f80a52b71ebb04e73998e55e26b2e03aac8e01edda,defined_body,00002790,gjSyfzSsDcE#E#A,f6de95f111df7e938b737e5512f72bbf8332eb6649b86738b3908845bca16aab,47,true,add_gen5_prefer_lle_registration,Ghidra resolved an executable provider body; add an exact Gen5 PreferLle registration.,0,false,,
libSceNpEntitlementAccess,HFcQl9TMcFQ,sceNpEntitlementAccessAbortRequest,libSceNpEntitlementAccess.sprx,13fbe892dbdea424b46d2c65fdf8b82441516f4dc7089c55bb4e00fc3df68820,defined_body,00001140,HFcQl9TMcFQ#D#A,a7dc2d73a3c1834c197e38aaaa1c8b26ca4ef4f6c8f328e41a1719adb173f546,3,true,add_gen5_prefer_lle_registration,Ghidra resolved an executable provider body; add an exact Gen5 PreferLle registration.,0,false,,
libSceNpEntitlementAccess,Z0eQj8m7XA8,sceNpEntitlementAccessDeleteRequest,libSceNpEntitlementAccess.sprx,13fbe892dbdea424b46d2c65fdf8b82441516f4dc7089c55bb4e00fc3df68820,defined_body,00001130,Z0eQj8m7XA8#D#A,a997e7cbdd37a16146621bf6947460b655e23da7d6542ed0f5c4bae387261930,3,true,add_gen5_prefer_lle_registration,Ghidra resolved an executable provider body; add an exact Gen5 PreferLle registration.,0,false,,
libSceNpEntitlementAccess,IQtb-TaIjSM,sceNpEntitlementAccessGenerateTransactionId,libSceNpEntitlementAccess.sprx,13fbe892dbdea424b46d2c65fdf8b82441516f4dc7089c55bb4e00fc3df68820,defined_body,00000ef0,IQtb-TaIjSM#D#A,7e0fa23ec1d4658822120d2d28414fd29070d708a34e12cab68508c6a3de8c58,3,true,add_gen5_prefer_lle_registration,Ghidra resolved an executable provider body; add an exact Gen5 PreferLle registration.,0,false,,
libSceNpEntitlementAccess,69u+XqsoNd0,sceNpEntitlementAccessPollConsumeEntitlement,libSceNpEntitlementAccess.sprx,13fbe892dbdea424b46d2c65fdf8b82441516f4dc7089c55bb4e00fc3df68820,defined_body,00000f90,69u+XqsoNd0#D#A,b39cfcaada9eabfe52519c59e293f2061574ba95fbcedba4584970c8cdd0f38c,5,true,add_gen5_prefer_lle_registration,Ghidra resolved an executable provider body; add an exact Gen5 PreferLle registration.,0,false,,
libSceNpEntitlementAccess,eOxGbG3sPb0,sceNpEntitlementAccessRequestConsumeUnifiedEntitlement,libSceNpEntitlementAccess.sprx,13fbe892dbdea424b46d2c65fdf8b82441516f4dc7089c55bb4e00fc3df68820,defined_body,00000f30,eOxGbG3sPb0#D#A,90179a90a9f7469f0bdf292aeb585d22dcfd589b6a56d2e07915cb17e0203ba5,15,true,add_gen5_prefer_lle_registration,Ghidra resolved an executable provider body; add an exact Gen5 PreferLle registration.,0,false,,
libSceNpGameIntent,rPl0INNc-M8,sceNpGameIntentGetPropertyValueString,libSceNpGameIntent.sprx,7b8533f64300c45e45db6fb120c2609a3fcda7b05b0052aecc9a080c77b771ad,defined_body,00000960,rPl0INNc-M8#H#A,2ebab8dba3611f38f8cc88a33ec3a6b3735d28f18f68b2981cf477d37680ac2b,67,true,add_gen5_prefer_lle_registration,Ghidra resolved an executable provider body; add an exact Gen5 PreferLle registration.,0,false,,
libSceNpGameIntent,jEIXUAr9XE8,sceNpGameIntentReceiveIntent,libSceNpGameIntent.sprx,7b8533f64300c45e45db6fb120c2609a3fcda7b05b0052aecc9a080c77b771ad,defined_body,00000900,jEIXUAr9XE8#H#A,48a9a47aa4a66286c985c462164d96a544708dfabab434d8961d60953af45b5a,29,true,add_gen5_prefer_lle_registration,Ghidra resolved an executable provider body; add an exact Gen5 PreferLle registration.,0,false,,
libSceNpGameIntent,0HBYxYAjmf0,sceNpGameIntentTerminate,libSceNpGameIntent.sprx,7b8533f64300c45e45db6fb120c2609a3fcda7b05b0052aecc9a080c77b771ad,defined_body,000008d0,0HBYxYAjmf0#H#A,922500d5316d989863c80115ce05f73c503289a833cef7c2930dcc9839ee4544,12,true,add_gen5_prefer_lle_registration,Ghidra resolved an executable provider body; add an exact Gen5 PreferLle registration.,0,false,,
libSceNpUniversalDataSystem,jZCqWFgMehE,sceNpUniversalDataSystemAbortHandle,libSceNpUniversalDataSystem.sprx,0ae12163797cb01f26cca884db98b3a4b137c84143e173021676e854da9ca6bb,defined_body,00001b70,jZCqWFgMehE#I#A,6474be0a57d9d42abf41a80a8ce17ea30efe440b37a1b62510a0148ed5c4a153,73,true,add_gen5_prefer_lle_registration,Ghidra resolved an executable provider body; add an exact Gen5 PreferLle registration.,0,false,,
libSceNpUniversalDataSystem,wB7IWzGp2v0,sceNpUniversalDataSystemDestroyContext,libSceNpUniversalDataSystem.sprx,0ae12163797cb01f26cca884db98b3a4b137c84143e173021676e854da9ca6bb,defined_body,000017c0,wB7IWzGp2v0#I#A,250d6fb0f4494dc860e2f402e3fdce96811a27c0540f3816a6cc2dcd750dab93,93,true,add_gen5_prefer_lle_registration,Ghidra resolved an executable provider body; add an exact Gen5 PreferLle registration.,0,false,,
libSceNpUniversalDataSystem,JmgwKm96Lq4,sceNpUniversalDataSystemEventPropertyArraySetFloat32,libSceNpUniversalDataSystem.sprx,0ae12163797cb01f26cca884db98b3a4b137c84143e173021676e854da9ca6bb,defined_body,00002400,JmgwKm96Lq4#I#A,baca83c10e2f4122cb9993a12a17ec482a7717df0548bbe61c41af808239f2f7,35,true,add_gen5_prefer_lle_registration,Ghidra resolved an executable provider body; add an exact Gen5 PreferLle registration.,0,false,,
libSceNpUniversalDataSystem,YE4dbtbz6OE,sceNpUniversalDataSystemEventPropertyObjectSetInt32,libSceNpUniversalDataSystem.sprx,0ae12163797cb01f26cca884db98b3a4b137c84143e173021676e854da9ca6bb,defined_body,000031c0,YE4dbtbz6OE#I#A,db2b99d20d2e58e2c1f034376c127eb518122d100ada0a6acbee782b1282605f,50,true,add_gen5_prefer_lle_registration,Ghidra resolved an executable provider body; add an exact Gen5 PreferLle registration.,0,false,,
libSceNpUniversalDataSystem,47UAEuQl+iI,sceNpUniversalDataSystemTerminate,libSceNpUniversalDataSystem.sprx,0ae12163797cb01f26cca884db98b3a4b137c84143e173021676e854da9ca6bb,defined_body,00001d00,47UAEuQl+iI#I#A,834e6d5a834f015370445d82ae8eaa458f6dc49dc2c4a2eaa8979786a68d03c7,20,true,add_gen5_prefer_lle_registration,Ghidra resolved an executable provider body; add an exact Gen5 PreferLle registration.,0,false,,
libSceNpUtility,kvdMF48mB3Y,sceNpBandwidthTestAbort,libSceNpUtility.sprx,80f7cedc7007c3f8dd0d2ecb6db7a005e1e76216bef7b932d81913585c80e572,defined_body,00008920,kvdMF48mB3Y#K#A,120849cee917f69f28374db65c105c66e7dfaeac8c172346d11815cb571f14c3,2,true,add_gen5_prefer_lle_registration,Ghidra resolved an executable provider body; add an exact Gen5 PreferLle registration.,0,false,,
libSceNpUtility,BYIZGKm6bO4,sceNpBandwidthTestGetStatus,libSceNpUtility.sprx,80f7cedc7007c3f8dd0d2ecb6db7a005e1e76216bef7b932d81913585c80e572,defined_body,00008910,BYIZGKm6bO4#K#A,0b2abfc4d885bf64ad51ab50aa1478caba27f9f27cfc846446f53822ff716d6d,61,true,add_gen5_prefer_lle_registration,Ghidra resolved an executable provider body; add an exact Gen5 PreferLle registration.,0,false,,
libSceNpUtility,hqzi1IHdQQQ,sceNpBandwidthTestInitStartDownload,libSceNpUtility.sprx,80f7cedc7007c3f8dd0d2ecb6db7a005e1e76216bef7b932d81913585c80e572,defined_body,000087f0,hqzi1IHdQQQ#K#A,25a4d237180dcdc5fcbfc3faacd30fc0dddb5a0569762a596fb67a6c862c3d7c,22,true,add_gen5_prefer_lle_registration,Ghidra resolved an executable provider body; add an exact Gen5 PreferLle registration.,0,false,,
libSceNpUtility,mA0zsbqm+kA,sceNpBandwidthTestInitStartUpload,libSceNpUtility.sprx,80f7cedc7007c3f8dd0d2ecb6db7a005e1e76216bef7b932d81913585c80e572,defined_body,000087b0,mA0zsbqm+kA#K#A,8b2cf30c01e3b5c03d7ad377af9b05e5c20feccd09e067f7f89b0713ad4b7944,22,true,add_gen5_prefer_lle_registration,Ghidra resolved an executable provider body; add an exact Gen5 PreferLle registration.,0,false,,
libSceNpUtility,pLr1fEQS1z8,sceNpBandwidthTestShutdown,libSceNpUtility.sprx,80f7cedc7007c3f8dd0d2ecb6db7a005e1e76216bef7b932d81913585c80e572,defined_body,000088d0,pLr1fEQS1z8#K#A,8bc2244d36c0f00e522aad7bc66877e52abfcfb75a49ca1f2d442e6b6f158d0f,7,true,add_gen5_prefer_lle_registration,Ghidra resolved an executable provider body; add an exact Gen5 PreferLle registration.,0,false,,
libScePlayerInvitationDialog,gDm5a6GSE94,scePlayerInvitationDialogTerminate,libScePlayerInvitationDialog.sprx,1c2924a5c0fa156299cda9e9ba55433690f7372f809464c0fc4ba6e33d3a569b,defined_body,00000650,gDm5a6GSE94#F#A,f588ce6834af24e75e90a09a5982623072ad70f86c3f1921acefeb6eea2fb6e2,22,true,add_gen5_prefer_lle_registration,Ghidra resolved an executable provider body; add an exact Gen5 PreferLle registration.,0,false,,
libScePlayerInvitationDialog,kFhuwHrIUqs,scePlayerInvitationDialogUpdateStatus,libScePlayerInvitationDialog.sprx,1c2924a5c0fa156299cda9e9ba55433690f7372f809464c0fc4ba6e33d3a569b,defined_body,00000430,kFhuwHrIUqs#F#A,1255b1f879acf89d0509db882e1c8dd8400bddd663a60b58ac738c02827bdb77,33,true,add_gen5_prefer_lle_registration,Ghidra resolved an executable provider body; add an exact Gen5 PreferLle registration.,0,false,,
libSceRemoteplay,g3PNjYKWqnQ,sceRemoteplayGetConnectionStatus,libSceRemoteplay.sprx,7c33fa5c41b065bf7a3577dbb968af192dbc7768a84e706e2a98dcfa0d501d59,defined_body,00001b30,g3PNjYKWqnQ#D#A,066b98e752382d716c5a5e630f21b528977e9a797e7cccd44c6e43b76686b91d,31,true,add_gen5_prefer_lle_registration,Ghidra resolved an executable provider body; add an exact Gen5 PreferLle registration.,0,false,,
libSceRemoteplay,k1SwgkMSOM8,sceRemoteplayInitialize,libSceRemoteplay.sprx,7c33fa5c41b065bf7a3577dbb968af192dbc7768a84e706e2a98dcfa0d501d59,defined_body,000019b0,k1SwgkMSOM8#D#A,27ac586b311e9410b6827eea08f5b12e1989a9ed4796687f505ed5a060962339,14,true,add_gen5_prefer_lle_registration,Ghidra resolved an executable provider body; add an exact Gen5 PreferLle registration.,0,false,,
libSceRemoteplay,BOwybKVa3Do,sceRemoteplayTerminate,libSceRemoteplay.sprx,7c33fa5c41b065bf7a3577dbb968af192dbc7768a84e706e2a98dcfa0d501d59,defined_body,000019e0,BOwybKVa3Do#D#A,3b78f5fbb7c0eba5644c241e3a6675649eeae34828a7c5da747ac2ca3e0be98d,6,true,add_gen5_prefer_lle_registration,Ghidra resolved an executable provider body; add an exact Gen5 PreferLle registration.,0,false,,
libSceRtc,WJ3rqFwymew,sceRtcFormatRFC3339,libSceRtc.sprx,2af66216f6717b56c484552fb096e0dda4d75b3b559ff58610ce65dff5be121b,defined_body,00001fc0,WJ3rqFwymew#C#A,2041d1d35543ac932e6637851590645718fe9eb0b86f7533e51f776449e48c7f,2,true,add_gen5_prefer_lle_registration,Ghidra resolved an executable provider body; add an exact Gen5 PreferLle registration.,0,false,,
libSceRtc,99bMGglFW3I,sceRtcParseRFC3339,libSceRtc.sprx,2af66216f6717b56c484552fb096e0dda4d75b3b559ff58610ce65dff5be121b,defined_body,00001160,99bMGglFW3I#C#A,539173051360e78cb3fa8e707aacd82296e28f9fb87e358223bdbfeb111dede3,256,true,add_gen5_prefer_lle_registration,Ghidra resolved an executable provider body; add an exact Gen5 PreferLle registration.,0,false,,
libSceSaveData_native,S1GkePI17zQ,sceSaveDataDelete,libSceSaveData.native.sprx,d07ff61fa98adff1f0bdde7f1df03d33133e932a9da82ce1005d4784bc948755,defined_body,00027100,S1GkePI17zQ#J#A,9be216f92ae11ef9064e21b2ae46ef29a8a93c4a66175dee220941b8839c9630,82,true,add_gen5_prefer_lle_registration,Ghidra resolved an executable provider body; add an exact Gen5 PreferLle registration.,0,false,,
libSceSaveData_native,Z7z6HXWORJY,sceSaveDataSaveIconByPath,libSceSaveData.native.sprx,d07ff61fa98adff1f0bdde7f1df03d33133e932a9da82ce1005d4784bc948755,defined_body,00028240,Z7z6HXWORJY#J#A,0edcc6a6f337ba22a0fb93c4a3846c12741db9914f15270a1979fad6ace28b11,69,true,add_gen5_prefer_lle_registration,Ghidra resolved an executable provider body; add an exact Gen5 PreferLle registration.,0,false,,
libSceSaveData_native,yKDy8S5yLA0,sceSaveDataTerminate,libSceSaveData.native.sprx,d07ff61fa98adff1f0bdde7f1df03d33133e932a9da82ce1005d4784bc948755,defined_body,00026320,yKDy8S5yLA0#J#A,50a6f01da2db72851314595bf27753718b106a09b8b0df16ef6f8f0e38f185d8,93,true,add_gen5_prefer_lle_registration,Ghidra resolved an executable provider body; add an exact Gen5 PreferLle registration.,0,false,,
libSceShare,YBiIdcDPrxs,sceShareFeaturePermit,libSceShare.native.sprx,02b41c8d10cc86418a7b3182a972d0a24163791eaf67a187ac6d1df531e4560d,defined_body,00006d00,YBiIdcDPrxs#I#A,01839d80f95ce1b7aa83b98b7b18b7abfd601aa63414cadd5840574b5825c822,13,true,add_gen5_prefer_lle_registration,Ghidra resolved an executable provider body; add an exact Gen5 PreferLle registration.,0,false,,
libSceShare,5wjxESwX68I,sceShareFeatureProhibit,libSceShare.native.sprx,02b41c8d10cc86418a7b3182a972d0a24163791eaf67a187ac6d1df531e4560d,defined_body,00006d30,5wjxESwX68I#I#A,0ff4ac443b7b32e883e061b68595ed43fafac0c23d77e8f568a6ff271ddb8c63,13,true,add_gen5_prefer_lle_registration,Ghidra resolved an executable provider body; add an exact Gen5 PreferLle registration.,0,false,,
libSceSharePlay,isruqthpYcw,sceSharePlayInitialize,libSceSharePlay.sprx,d41598603a31066e405fb2f60e5d848b36d12b0b109c3862f8d5eba93ae0ddb4,defined_body,00000a60,isruqthpYcw#D#A,458968885a14c9cf0c1800dc95f0dd7357bb2e3a27af513e2016b822cb217751,14,true,add_gen5_prefer_lle_registration,Ghidra resolved an executable provider body; add an exact Gen5 PreferLle registration.,0,false,,
libSceSharePlay,UaLjloJinow,sceSharePlayTerminate,libSceSharePlay.sprx,d41598603a31066e405fb2f60e5d848b36d12b0b109c3862f8d5eba93ae0ddb4,defined_body,00000a90,UaLjloJinow#D#A,4c9b995fce41246925481c2d956f3e3a313feef94b30b2768de1076da79aa14e,6,true,add_gen5_prefer_lle_registration,Ghidra resolved an executable provider body; add an exact Gen5 PreferLle registration.,0,false,,
libSceSystemService,8Lo6Zv94aho,sceSystemServiceDisableNoticeScreenSkipFlagAutoSet,libSceSystemService.sprx,6bcb5dd125d9d09b6053f383ba89b1613335bff5ab83870f0bd732b767f4aac9,defined_body,00003a80,8Lo6Zv94aho#c#A,634eeed173bb8140ae59b6930ebc9ac4e3c2b99c4b4ea38f902be9523e618485,13,true,add_gen5_prefer_lle_registration,Ghidra resolved an executable provider body; add an exact Gen5 PreferLle registration.,0,false,,
libSceSystemService,m5CYKX20wfg,sceSystemServiceInitializePlayerDialogParam,libSceSystemService.sprx,6bcb5dd125d9d09b6053f383ba89b1613335bff5ab83870f0bd732b767f4aac9,defined_body,00002ec0,m5CYKX20wfg#c#A,1d462bc9b6525f937912205f6b9985a38405878fe0c192545ec9289288f7d301,6,true,add_gen5_prefer_lle_registration,Ghidra resolved an executable provider body; add an exact Gen5 PreferLle registration.,0,false,,
libSceSystemService,uaieF+glFPs,sceSystemServiceLaunchPlayerDialog,libSceSystemService.sprx,6bcb5dd125d9d09b6053f383ba89b1613335bff5ab83870f0bd732b767f4aac9,defined_body,00002ee0,uaieF+glFPs#c#A,eca063209a3bafb9a375ae6e21e5af10006f62eb5999d8ca3cb69d706cb1f336,78,true,add_gen5_prefer_lle_registration,Ghidra resolved an executable provider body; add an exact Gen5 PreferLle registration.,0,false,,
libSceSystemService,656LMQSrg6U,sceSystemServiceReceiveEvent,libSceSystemService.sprx,6bcb5dd125d9d09b6053f383ba89b1613335bff5ab83870f0bd732b767f4aac9,defined_body,00000250,656LMQSrg6U#c#A,8acb2179ddff2cc0d34daf5f936b740fa2923036280a02bd4968638cc45a5615,191,true,add_gen5_prefer_lle_registration,Ghidra resolved an executable provider body; add an exact Gen5 PreferLle registration.,0,false,,
libSceSystemService,Q3utJvma4Mo,sceSystemServiceSetNoticeScreenSkipFlag,libSceSystemService.sprx,6bcb5dd125d9d09b6053f383ba89b1613335bff5ab83870f0bd732b767f4aac9,defined_body,00003ab0,Q3utJvma4Mo#c#A,31b43447dbe2246257c62861c27a90fd0430ef453013d661cc050ca245dc6146,13,true,add_gen5_prefer_lle_registration,Ghidra resolved an executable provider body; add an exact Gen5 PreferLle registration.,0,false,,
