library,nid,catalog_symbol,qualified_symbol,entry,symbol_type,symbol_primary,function_name,function_entry,external,thunk,body_bytes,decompile_completed,target_symbol_count,headless_exit,provider_sha256,ghidra_project,evidence_log,evidence_log_sha256
libSceAgcDriver,AhGvpITrf4M,sceAgcDriverAgrSubmitDcb,AhGvpITrf4M#G#A,0x2a30,Function,true,AhGvpITrf4M#G#A,0x2a30,false,false,81,true,1,0,bc2ca28f3632ce69e25ab44991ed1f49bc1624fe39c2fc81f2efc6e705876348,agc_contracts-driver_1,remote-results/contracts-driver/job-0001/headless.log,3b6b88e1208eba02fc8847be301647d2f28f567ca5f45ee8808940046e388f8e
libSceAgcDriver,+T8Xo6LtFJI,sceAgcDriverAgrSubmitMultiDcbs,+T8Xo6LtFJI#G#A,0x4d90,Function,true,+T8Xo6LtFJI#G#A,0x4d90,false,false,86,true,1,0,bc2ca28f3632ce69e25ab44991ed1f49bc1624fe39c2fc81f2efc6e705876348,agc_contracts-driver_2,remote-results/contracts-driver/job-0002/headless.log,e12d1aa9baadeb175d4b62e84828784ca66bb495d105ea5529295a7f923ac8d0
libSceAgcDriver,5l3IfCFJxBs,sceAgcDriverFindResourcesPublic,5l3IfCFJxBs#G#A,0x7240,Function,true,5l3IfCFJxBs#G#A,0x7240,false,false,6,true,1,0,bc2ca28f3632ce69e25ab44991ed1f49bc1624fe39c2fc81f2efc6e705876348,agc_contracts-driver_3,remote-results/contracts-driver/job-0003/headless.log,a99903a3fbb686a6101652e7579bf64a42eb30ecf410aa2060fbe979616e74bd
libSceAgcDriver,Zw7uUVPulbw,sceAgcDriverGetEqContextId,Zw7uUVPulbw#G#A,0x6d80,Function,true,Zw7uUVPulbw#G#A,0x6d80,false,false,15,true,1,0,bc2ca28f3632ce69e25ab44991ed1f49bc1624fe39c2fc81f2efc6e705876348,agc_contracts-driver_4,remote-results/contracts-driver/job-0004/headless.log,dd402d329501c3ceaf143d3f2d1de0914e9e2b97c06026e4ea96b3177d05e868
libSceAgcDriver,5CdQTZIQPxM,sceAgcDriverGetEqEventType,5CdQTZIQPxM#G#A,0x6d70,Function,true,5CdQTZIQPxM#G#A,0x6d70,false,false,11,true,1,0,bc2ca28f3632ce69e25ab44991ed1f49bc1624fe39c2fc81f2efc6e705876348,agc_contracts-driver_5,remote-results/contracts-driver/job-0005/headless.log,4bf539d599b6cb8fb2db2bdca67c7906302e0c887ac709b14d34002a40079c68
libSceAgcDriver,LepGrgk77sM,sceAgcDriverGetOwnerName,LepGrgk77sM#G#A,0x7310,Function,true,LepGrgk77sM#G#A,0x7310,false,false,6,true,1,0,bc2ca28f3632ce69e25ab44991ed1f49bc1624fe39c2fc81f2efc6e705876348,agc_contracts-driver_6,remote-results/contracts-driver/job-0006/headless.log,9d80e24679abddca19dac843086c7d1665932b96657de56934c704a557c344b4
libSceAgcDriver,NghWEUXp1qM,sceAgcDriverGetResourceBaseAddressAndSizeInBytes,NghWEUXp1qM#G#A,0x72d0,Function,true,NghWEUXp1qM#G#A,0x72d0,false,false,6,true,1,0,bc2ca28f3632ce69e25ab44991ed1f49bc1624fe39c2fc81f2efc6e705876348,agc_contracts-driver_7,remote-results/contracts-driver/job-0007/headless.log,f1cdc08207853d9ee0d742117bbd276855e835182a0a3519adb5017a64b847b0
libSceAgcDriver,M9yBzRKkjPc,sceAgcDriverGetResourceName,M9yBzRKkjPc#G#A,0x72b0,Function,true,M9yBzRKkjPc#G#A,0x72b0,false,false,6,true,1,0,bc2ca28f3632ce69e25ab44991ed1f49bc1624fe39c2fc81f2efc6e705876348,agc_contracts-driver_8,remote-results/contracts-driver/job-0008/headless.log,e843bf674b1069fbd4ac9ef6a6a33f229a6015f48167696be1916c4d391be5e9
libSceAgcDriver,mXn+K9E-wOA,sceAgcDriverGetResourceShaderGuid,mXn+K9E-wOA#G#A,0x7300,Function,true,mXn+K9E-wOA#G#A,0x7300,false,false,6,true,1,0,bc2ca28f3632ce69e25ab44991ed1f49bc1624fe39c2fc81f2efc6e705876348,agc_contracts-driver_9,remote-results/contracts-driver/job-0009/headless.log,3ec20f0b8af3588ec9429511cfa6aea406817153968741d8681d05c79774dd95
libSceAgcDriver,rI9lNAXPMIw,sceAgcDriverGetResourceType,rI9lNAXPMIw#G#A,0x72c0,Function,true,rI9lNAXPMIw#G#A,0x72c0,false,false,6,true,1,0,bc2ca28f3632ce69e25ab44991ed1f49bc1624fe39c2fc81f2efc6e705876348,agc_contracts-driver_10,remote-results/contracts-driver/job-0010/headless.log,50bdc2f9f44c1a31b574b6cc1117c06279626415146fdc70f13da844ed76f011
libSceAgcDriver,ls4jfY576lw,sceAgcDriverGetResourceUserData,ls4jfY576lw#G#A,0x72e0,Function,true,ls4jfY576lw#G#A,0x72e0,false,false,6,true,1,0,bc2ca28f3632ce69e25ab44991ed1f49bc1624fe39c2fc81f2efc6e705876348,agc_contracts-driver_11,remote-results/contracts-driver/job-0011/headless.log,17ed92ad3c04522a84d5bd0c8d88dd6065e8d01ca061b54a488c61338daca522
libSceAgcDriver,rJUyMrDdxJg,sceAgcDriverGetShaderDebuggingStatus,rJUyMrDdxJg#G#A,0x6ef0,Function,true,rJUyMrDdxJg#G#A,0x6ef0,false,false,6,true,1,0,bc2ca28f3632ce69e25ab44991ed1f49bc1624fe39c2fc81f2efc6e705876348,agc_contracts-driver_12,remote-results/contracts-driver/job-0012/headless.log,943dfa74228ed15fdca1ad91fdaeb96b7d36fb5912020bec053dc3ade6da3ad1
libSceAgcDriver,Ddwk4gLT5j0,sceAgcDriverIsCaptureInProgress,Ddwk4gLT5j0#G#A,0x80d0,Function,true,Ddwk4gLT5j0#G#A,0x80d0,false,false,3,true,1,0,bc2ca28f3632ce69e25ab44991ed1f49bc1624fe39c2fc81f2efc6e705876348,agc_contracts-driver_13,remote-results/contracts-driver/job-0013/headless.log,90118ceaafe6782de499c4bc8bb56c4dcb8cf88e299c10626292e5ffc51dc0ef
libSceAgcDriver,qspAL8bgcBY,sceAgcDriverIsSubmitValidationEnabled,qspAL8bgcBY#G#A,0x80e0,Function,true,qspAL8bgcBY#G#A,0x80e0,false,false,3,true,1,0,bc2ca28f3632ce69e25ab44991ed1f49bc1624fe39c2fc81f2efc6e705876348,agc_contracts-driver_14,remote-results/contracts-driver/job-0014/headless.log,471f8c0850a4061421dfac651819e2536e5602080eee21300bccf21e8d08e421
libSceAgcDriver,+TN0oRTBxJQ,sceAgcDriverIsTraceInProgress,+TN0oRTBxJQ#G#A,0x6ee0,Function,true,+TN0oRTBxJQ#G#A,0x6ee0,false,false,3,true,1,0,bc2ca28f3632ce69e25ab44991ed1f49bc1624fe39c2fc81f2efc6e705876348,agc_contracts-driver_15,remote-results/contracts-driver/job-0015/headless.log,2d435adbf39d3e2ce099dec90aca9b3f4bf2c209a98a0af30cbc2ab2e85f5d6c
libSceAgcDriver,emP3ckeS2uo,sceAgcDriverRegisterGdsResource,emP3ckeS2uo#G#A,0x71e0,Function,true,emP3ckeS2uo#G#A,0x71e0,false,false,6,true,1,0,bc2ca28f3632ce69e25ab44991ed1f49bc1624fe39c2fc81f2efc6e705876348,agc_contracts-driver_16,remote-results/contracts-driver/job-0016/headless.log,245fa4be18761e278fc17b5163eb5a7194baa1ee1c7bc453b9a57f444801314f
libSceAgcDriver,3AyTaWcF-H8,sceAgcDriverRegisterWorkloadStream,3AyTaWcF-H8#G#A,0xb00,Function,true,3AyTaWcF-H8#G#A,0xb00,false,false,162,true,1,0,bc2ca28f3632ce69e25ab44991ed1f49bc1624fe39c2fc81f2efc6e705876348,agc_contracts-driver_17,remote-results/contracts-driver/job-0017/headless.log,1a982759e49d253ad95523c1a11a4deb966c78b2c34ed7ae3ef843a06766eb35
libSceAgcDriver,SAfhzJPcjuk,sceAgcDriverRequestCaptureStart,SAfhzJPcjuk#G#A,0x80b0,Function,true,SAfhzJPcjuk#G#A,0x80b0,false,false,6,true,1,0,bc2ca28f3632ce69e25ab44991ed1f49bc1624fe39c2fc81f2efc6e705876348,agc_contracts-driver_18,remote-results/contracts-driver/job-0018/headless.log,e8de1af6fb4eb02096a7986ca90402c40729d638eebf68b540b71cc79af1aa87
libSceAgcDriver,FOwvmNlFLjM,sceAgcDriverRequestCaptureStop,FOwvmNlFLjM#G#A,0x80c0,Function,true,FOwvmNlFLjM#G#A,0x80c0,false,false,6,true,1,0,bc2ca28f3632ce69e25ab44991ed1f49bc1624fe39c2fc81f2efc6e705876348,agc_contracts-driver_19,remote-results/contracts-driver/job-0019/headless.log,562b179594b47de0e75b638e115edbcd5733167ad448736cc879ad8db98070ff
libSceAgcDriver,MM4IZSEYytQ,sceAgcDriverSetHsOffchipParam,MM4IZSEYytQ#G#A,0x70b0,Function,true,MM4IZSEYytQ#G#A,0x70b0,false,false,27,true,1,0,bc2ca28f3632ce69e25ab44991ed1f49bc1624fe39c2fc81f2efc6e705876348,agc_contracts-driver_20,remote-results/contracts-driver/job-0020/headless.log,3fcfe9a905521a90a0a3258d7bc97f7ecdc1168d0415fa646fd4919682463431
libSceAgcDriver,VOMSpd9+vxU,sceAgcDriverSetResourceUserData,VOMSpd9+vxU#G#A,0x72f0,Function,true,VOMSpd9+vxU#G#A,0x72f0,false,false,6,true,1,0,bc2ca28f3632ce69e25ab44991ed1f49bc1624fe39c2fc81f2efc6e705876348,agc_contracts-driver_21,remote-results/contracts-driver/job-0021/headless.log,f5a59374b7f90ae484ab760d1ee370fef799b502136fd29794657a9c97632449
libSceAgcDriver,HF3YllT3mXU,sceAgcDriverSubmitMultiAcbs,HF3YllT3mXU#G#A,0x4df0,Function,true,HF3YllT3mXU#G#A,0x4df0,false,false,67,true,1,0,bc2ca28f3632ce69e25ab44991ed1f49bc1624fe39c2fc81f2efc6e705876348,agc_contracts-driver_22,remote-results/contracts-driver/job-0022/headless.log,159aeb85568b7d4391f48260abeb4decbc836124373d0f8af5f89d3ee101cf79
libSceAgcDriver,Xq5WmbwPTnQ,sceAgcDriverTriggerCapture,Xq5WmbwPTnQ#G#A,0x80a0,Function,true,Xq5WmbwPTnQ#G#A,0x80a0,false,false,6,true,1,0,bc2ca28f3632ce69e25ab44991ed1f49bc1624fe39c2fc81f2efc6e705876348,agc_contracts-driver_23,remote-results/contracts-driver/job-0023/headless.log,10d4003d6b6c1bb45ea0eb287f698dcebd7558b9fbffeca57bb572c570a1f655
libSceAgcDriver,SCoAN5fYlUM,sceAgcDriverUnregisterAllResourcesForOwner,SCoAN5fYlUM#G#A,0x7210,Function,true,SCoAN5fYlUM#G#A,0x7210,false,false,6,true,1,0,bc2ca28f3632ce69e25ab44991ed1f49bc1624fe39c2fc81f2efc6e705876348,agc_contracts-driver_24,remote-results/contracts-driver/job-0024/headless.log,af0c0f975783ea187c57cd7cd8ef65aa06532d4a1040f6bc942a5c7fafa1a7c2
libSceAgcDriver,ZLJk9r2+2Aw,sceAgcDriverUnregisterOwnerAndResources,ZLJk9r2+2Aw#G#A,0x7200,Function,true,ZLJk9r2+2Aw#G#A,0x7200,false,false,6,true,1,0,bc2ca28f3632ce69e25ab44991ed1f49bc1624fe39c2fc81f2efc6e705876348,agc_contracts-driver_25,remote-results/contracts-driver/job-0025/headless.log,834318b42f095b09d72704c278ded0c580a90a00c4c060dbfd6d7b1da4bffa13
libSceAgcDriver,n5ElQVYsU1A,sceAgcDriverUnregisterWorkloadStream,n5ElQVYsU1A#G#A,0xbb0,Function,true,n5ElQVYsU1A#G#A,0xbb0,false,false,120,true,1,0,bc2ca28f3632ce69e25ab44991ed1f49bc1624fe39c2fc81f2efc6e705876348,agc_contracts-driver_26,remote-results/contracts-driver/job-0026/headless.log,99addfc04feb9d06405a0da9d19dabe7ef6d94646d41a90fce45af9b91ef26e0
libSceAgc,7Wa3aeJgeVU,,7Wa3aeJgeVU#G#A,0xc210,Function,true,7Wa3aeJgeVU#G#A,0xc210,false,false,92,true,1,0,110df81f759ae3dffcc9b5e3fa062c74058518631847641b8e08a54f6b8b6e2d,agc_contracts-agc_1,remote-results/contracts-agc/job-0001/headless.log,9611d5c90ed8db70adc39184b110e3ac23d167956cf38448e1f9dadb9fdf2970
libSceAgc,Ikfdt-rIqCE,,Ikfdt-rIqCE#G#A,0xc360,Function,true,Ikfdt-rIqCE#G#A,0xc360,false,false,85,true,1,0,110df81f759ae3dffcc9b5e3fa062c74058518631847641b8e08a54f6b8b6e2d,agc_contracts-agc_2,remote-results/contracts-agc/job-0002/headless.log,5deca48966220e59f358529fcedeaf021291a46d6ce7ad0d8fa017d0c021ff42
libSceAgc,gQkqkLttcpw,,gQkqkLttcpw#G#A,0x1610,Function,true,gQkqkLttcpw#G#A,0x1610,false,false,345,true,1,0,110df81f759ae3dffcc9b5e3fa062c74058518631847641b8e08a54f6b8b6e2d,agc_contracts-agc_3,remote-results/contracts-agc/job-0003/headless.log,b043dfb522e4f73107e6b4e60d7c7c0666a9d72e1610f850ba3df25f162a9989
libSceAgc,k0E7vkgqAuE,,k0E7vkgqAuE#G#A,0x109e0,Function,true,k0E7vkgqAuE#G#A,0x109e0,false,false,537,true,1,0,110df81f759ae3dffcc9b5e3fa062c74058518631847641b8e08a54f6b8b6e2d,agc_contracts-agc_4,remote-results/contracts-agc/job-0004/headless.log,56dcb1c1f145b995cd06bc96ec58e0f1d3d1058479d2d03bb56a7b4f547ada5f
libSceAgc,rP5xLdOf26k,,rP5xLdOf26k#G#A,0xc270,Function,true,rP5xLdOf26k#G#A,0xc270,false,false,90,true,1,0,110df81f759ae3dffcc9b5e3fa062c74058518631847641b8e08a54f6b8b6e2d,agc_contracts-agc_5,remote-results/contracts-agc/job-0005/headless.log,7d0fe627c7af07bdf05c01a19617a78c56827d47e436ad45a3d1f1fc066129b5
libSceAgc,zARR5aCmkoY,,zARR5aCmkoY#G#A,0x6e50,Function,true,zARR5aCmkoY#G#A,0x6e50,false,false,352,true,1,0,110df81f759ae3dffcc9b5e3fa062c74058518631847641b8e08a54f6b8b6e2d,agc_contracts-agc_6,remote-results/contracts-agc/job-0006/headless.log,2d4f636e3635825d4b8d55cb60e9195cf294ce63c2adb17dd16b0a094e31e16a
libSceAgc,ewobAQeMo5k,sceAgcAcbAcquireMemGetSize,ewobAQeMo5k#G#A,0xd160,Function,true,ewobAQeMo5k#G#A,0xd160,false,false,22,true,1,0,110df81f759ae3dffcc9b5e3fa062c74058518631847641b8e08a54f6b8b6e2d,agc_contracts-agc_7,remote-results/contracts-agc/job-0007/headless.log,a34ea9376a95745e56ef6f5b17a8a40be2a66a8427c55a26c728c6919090e52f
libSceAgc,hcIxS8pmXF4,sceAgcAcbAtomicGdsGetSize,hcIxS8pmXF4#G#A,0xd180,Function,true,hcIxS8pmXF4#G#A,0xd180,false,false,6,true,1,0,110df81f759ae3dffcc9b5e3fa062c74058518631847641b8e08a54f6b8b6e2d,agc_contracts-agc_8,remote-results/contracts-agc/job-0008/headless.log,6120a83809cdf05e126b420c7c8c77abfff11f69b50d08d22f168c23ae884e55
libSceAgc,XKKuA6VkSRc,sceAgcAcbAtomicMem,XKKuA6VkSRc#G#A,0xd0,Function,true,XKKuA6VkSRc#G#A,0xd0,false,false,280,true,1,0,110df81f759ae3dffcc9b5e3fa062c74058518631847641b8e08a54f6b8b6e2d,agc_contracts-agc_9,remote-results/contracts-agc/job-0009/headless.log,c1e4a2763a46f468ab6b4c1fb533e10b62b1e024c1f91de8514d9246a9bffd79
libSceAgc,da1Sm8-QDoU,sceAgcAcbAtomicMemGetSize,da1Sm8-QDoU#G#A,0xd190,Function,true,da1Sm8-QDoU#G#A,0xd190,false,false,6,true,1,0,110df81f759ae3dffcc9b5e3fa062c74058518631847641b8e08a54f6b8b6e2d,agc_contracts-agc_10,remote-results/contracts-agc/job-0010/headless.log,9913962f516114711fcbd06567e3d052a2ac145015cf8c329587e96ba44e2f01
libSceAgc,qyM2bxYFPAk,sceAgcAcbCondExec,qyM2bxYFPAk#G#A,0x460,Function,true,qyM2bxYFPAk#G#A,0x460,false,false,173,true,1,0,110df81f759ae3dffcc9b5e3fa062c74058518631847641b8e08a54f6b8b6e2d,agc_contracts-agc_11,remote-results/contracts-agc/job-0011/headless.log,77c9eeb9c11a4cd884ec83b6472f945d50f8516961f661c6028328bcd6d42287
libSceAgc,ozKzBP4aki4,sceAgcAcbCondExecGetSize,ozKzBP4aki4#G#A,0xd1a0,Function,true,ozKzBP4aki4#G#A,0xd1a0,false,false,6,true,1,0,110df81f759ae3dffcc9b5e3fa062c74058518631847641b8e08a54f6b8b6e2d,agc_contracts-agc_12,remote-results/contracts-agc/job-0012/headless.log,b854d1b723463e1ce955204cfd04185fa1550c9db8d3d6b049ab32f918917bb3
libSceAgc,qzMN2XKGA4k,sceAgcAcbCopyData,qzMN2XKGA4k#G#A,0x510,Function,true,qzMN2XKGA4k#G#A,0x510,false,false,268,true,1,0,110df81f759ae3dffcc9b5e3fa062c74058518631847641b8e08a54f6b8b6e2d,agc_contracts-agc_13,remote-results/contracts-agc/job-0013/headless.log,cf81996445517067acedf54a553607c8bd922327ee42dc58e9560d41363cf6f8
libSceAgc,CbQh3DKMSno,sceAgcAcbCopyDataGetSize,CbQh3DKMSno#G#A,0xd1c0,Function,true,CbQh3DKMSno#G#A,0xd1c0,false,false,6,true,1,0,110df81f759ae3dffcc9b5e3fa062c74058518631847641b8e08a54f6b8b6e2d,agc_contracts-agc_14,remote-results/contracts-agc/job-0014/headless.log,f46533fdba8fe1df98d3676cd650b9df1512d7bf384e7dda7735acfeef18d57d
libSceAgc,PxKWV2fVAps,sceAgcAcbDispatchIndirectGetSize,PxKWV2fVAps#G#A,0xd1e0,Function,true,PxKWV2fVAps#G#A,0xd1e0,false,false,6,true,1,0,110df81f759ae3dffcc9b5e3fa062c74058518631847641b8e08a54f6b8b6e2d,agc_contracts-agc_15,remote-results/contracts-agc/job-0015/headless.log,dbc429534769ec4884ea02a74a8f173a6a6e223927dc575c167e64c81558a15a
libSceAgc,Y-5vneiBtzk,sceAgcAcbEventWriteGetSize,Y-5vneiBtzk#G#A,0xd1f0,Function,true,Y-5vneiBtzk#G#A,0xd1f0,false,false,6,true,1,0,110df81f759ae3dffcc9b5e3fa062c74058518631847641b8e08a54f6b8b6e2d,agc_contracts-agc_16,remote-results/contracts-agc/job-0016/headless.log,4404e4c1d7da42a3e782bbc70998346efe912167b5ae025f52a9ea035109cd29
libSceAgc,e1DFTg+Sd8U,sceAgcAcbJump,e1DFTg+Sd8U#G#A,0xd80,Function,true,e1DFTg+Sd8U#G#A,0xd80,false,false,195,true,1,0,110df81f759ae3dffcc9b5e3fa062c74058518631847641b8e08a54f6b8b6e2d,agc_contracts-agc_17,remote-results/contracts-agc/job-0017/headless.log,05048428e10f6f04ecc7b124933fc81a509b31fe5c6917b3114183c36d2e7dee
libSceAgc,b-oySn+G2tE,sceAgcAcbJumpGetSize,b-oySn+G2tE#G#A,0xd1b0,Function,true,b-oySn+G2tE#G#A,0xd1b0,false,false,6,true,1,0,110df81f759ae3dffcc9b5e3fa062c74058518631847641b8e08a54f6b8b6e2d,agc_contracts-agc_18,remote-results/contracts-agc/job-0018/headless.log,ddaf4f54e396b46ff8b98aacd3f0abd3c013fcb2bb410d2924b83a692a99449e
libSceAgc,q4VuU-QsLOE,sceAgcAcbMemSemaphore,q4VuU-QsLOE#G#A,0x1b90,Function,true,q4VuU-QsLOE#G#A,0x1b90,false,false,402,true,1,0,110df81f759ae3dffcc9b5e3fa062c74058518631847641b8e08a54f6b8b6e2d,agc_contracts-agc_19,remote-results/contracts-agc/job-0019/headless.log,a855d5e9e19b107f351e1538dc26f88184ee7c0cb56f5fa5d9adc38390dec9ec
libSceAgc,szG7hz2yEhA,sceAgcAcbPrimeUtcl2,szG7hz2yEhA#G#A,0x13e0,Function,true,szG7hz2yEhA#G#A,0x13e0,false,false,208,true,1,0,110df81f759ae3dffcc9b5e3fa062c74058518631847641b8e08a54f6b8b6e2d,agc_contracts-agc_20,remote-results/contracts-agc/job-0020/headless.log,cefcd63a23152f58106341eb0c79bab7784b054cd0804b0e5edafdc8bc4863d9
libSceAgc,eCjKaqeeQ5s,sceAgcAcbPrimeUtcl2GetSize,eCjKaqeeQ5s#G#A,0xd200,Function,true,eCjKaqeeQ5s#G#A,0xd200,false,false,6,true,1,0,110df81f759ae3dffcc9b5e3fa062c74058518631847641b8e08a54f6b8b6e2d,agc_contracts-agc_21,remote-results/contracts-agc/job-0021/headless.log,358f627a3851deb8ea041c3422869531405379db1da74baba5074840b5595608
libSceAgc,F8NLhWvFemI,sceAgcAcbQueueEndOfShaderActionGetSize,F8NLhWvFemI#G#A,0xd280,Function,true,F8NLhWvFemI#G#A,0xd280,false,false,6,true,1,0,110df81f759ae3dffcc9b5e3fa062c74058518631847641b8e08a54f6b8b6e2d,agc_contracts-agc_22,remote-results/contracts-agc/job-0022/headless.log,58ba2629e2d45f338343c4698600f56d51adbb11f2608587e15d69c4f6ab833b
libSceAgc,DwICrVxerkY,sceAgcAcbRewind,DwICrVxerkY#G#A,0x1330,Function,true,DwICrVxerkY#G#A,0x1330,false,false,161,true,1,0,110df81f759ae3dffcc9b5e3fa062c74058518631847641b8e08a54f6b8b6e2d,agc_contracts-agc_23,remote-results/contracts-agc/job-0023/headless.log,afb963661fd9baf566149b4e4c5a7e8d35ad0dec2c8c5e00c02cb01823bc8879
libSceAgc,0ZOG0jc9nRg,sceAgcAcbRewindGetSize,0ZOG0jc9nRg#G#A,0xd210,Function,true,0ZOG0jc9nRg#G#A,0xd210,false,false,6,true,1,0,110df81f759ae3dffcc9b5e3fa062c74058518631847641b8e08a54f6b8b6e2d,agc_contracts-agc_24,remote-results/contracts-agc/job-0024/headless.log,37ae0d1cca19af2feba0e39b1bf0535f7c45eab4df6a35c1324dde00a28f3f0a
libSceAgc,ebixW91gpPw,sceAgcAcbSetFlip,ebixW91gpPw#G#A,0x1ae0,Function,true,ebixW91gpPw#G#A,0x1ae0,false,false,174,true,1,0,110df81f759ae3dffcc9b5e3fa062c74058518631847641b8e08a54f6b8b6e2d,agc_contracts-agc_25,remote-results/contracts-agc/job-0025/headless.log,97b452baa8e491668f030d0657347adc82212cdee7e3cffc02efa2c358583eb2
libSceAgc,xAeBOa0A3kk,sceAgcAcbSetMarker,xAeBOa0A3kk#G#A,0x1820,Function,true,xAeBOa0A3kk#G#A,0x1820,false,false,188,true,1,0,110df81f759ae3dffcc9b5e3fa062c74058518631847641b8e08a54f6b8b6e2d,agc_contracts-agc_26,remote-results/contracts-agc/job-0026/headless.log,965576bbc98d49b186785833febfa96d746cd1ed31d1a9e97487232128fcf509
libSceAgc,opR1JeJZCBU,sceAgcAcbSetWorkloadComplete,opR1JeJZCBU#G#A,0x1e80,Function,true,opR1JeJZCBU#G#A,0x1e80,false,false,164,true,1,0,110df81f759ae3dffcc9b5e3fa062c74058518631847641b8e08a54f6b8b6e2d,agc_contracts-agc_27,remote-results/contracts-agc/job-0027/headless.log,5e0b60f25f0b2e55a69c64ff5371830b1f4921f79dfe6512ce91182eb8cc094d
libSceAgc,rVOmPz2RBlg,sceAgcAcbSetWorkloadsActive,rVOmPz2RBlg#G#A,0x1dd0,Function,true,rVOmPz2RBlg#G#A,0x1dd0,false,false,172,true,1,0,110df81f759ae3dffcc9b5e3fa062c74058518631847641b8e08a54f6b8b6e2d,agc_contracts-agc_28,remote-results/contracts-agc/job-0028/headless.log,aa11cbb311137b2064bd9755bc1315095b01452616db926a59ab5a91583bdbfd
libSceAgc,FcgdDM3MB+k,sceAgcAcbSetWorkloadStreamInactive,FcgdDM3MB+k#G#A,0x1f30,Function,true,FcgdDM3MB+k#G#A,0x1f30,false,false,149,true,1,0,110df81f759ae3dffcc9b5e3fa062c74058518631847641b8e08a54f6b8b6e2d,agc_contracts-agc_29,remote-results/contracts-agc/job-0029/headless.log,7253bffb5bac623fb5e7ce537ff15ecee5a47dc2f37d90c146c75137679f1301
libSceAgc,idlaArvdXEs,sceAgcAcbWaitOnAddressGetSize,idlaArvdXEs#G#A,0xd220,Function,true,idlaArvdXEs#G#A,0xd220,false,false,85,true,1,0,110df81f759ae3dffcc9b5e3fa062c74058518631847641b8e08a54f6b8b6e2d,agc_contracts-agc_30,remote-results/contracts-agc/job-0030/headless.log,60b86f62762948d228ea684cb7ff71c77e07acb86b3ef9439a6bc82ca347a7df
libSceAgc,GPbUp9jXQa8,sceAgcAcbWaitUntilSafeForRendering,GPbUp9jXQa8#G#A,0x1d30,Function,true,GPbUp9jXQa8#G#A,0x1d30,false,false,159,true,1,0,110df81f759ae3dffcc9b5e3fa062c74058518631847641b8e08a54f6b8b6e2d,agc_contracts-agc_31,remote-results/contracts-agc/job-0031/headless.log,6bd8a14a8a3e5b4dd3d4cef7b85f10e05ac83eda9d60ba6f8d0d3a79dcdc5178
libSceAgc,3ZWa3AoyWZQ,sceAgcAsyncCondExecPatchSetCommandAddress,3ZWa3AoyWZQ#G#A,0xc6a0,Function,true,3ZWa3AoyWZQ#G#A,0xc6a0,false,false,46,true,1,0,110df81f759ae3dffcc9b5e3fa062c74058518631847641b8e08a54f6b8b6e2d,agc_contracts-agc_32,remote-results/contracts-agc/job-0032/headless.log,57d4bc80802f55b9b98f4731e81302273f2b750d94438138ba3e4aacf3871c6d
libSceAgc,k-JpyR2dYAM,sceAgcAsyncCondExecPatchSetEnd,k-JpyR2dYAM#G#A,0xc650,Function,true,k-JpyR2dYAM#G#A,0xc650,false,false,76,true,1,0,110df81f759ae3dffcc9b5e3fa062c74058518631847641b8e08a54f6b8b6e2d,agc_contracts-agc_33,remote-results/contracts-agc/job-0033/headless.log,d8a866449854f798f0f8d7631ee2002ad937c7bbdc84a60de5095bc352052799
libSceAgc,eWaWyFegzgQ,sceAgcAsyncRewindPatchSetRewindState,eWaWyFegzgQ#G#A,0xc700,Function,true,eWaWyFegzgQ#G#A,0xc700,false,false,43,true,1,0,110df81f759ae3dffcc9b5e3fa062c74058518631847641b8e08a54f6b8b6e2d,agc_contracts-agc_34,remote-results/contracts-agc/job-0034/headless.log,72e872995463984be25735c9143a7a74fc14ee8918b8e36bcf80a446ec9c1f0b
libSceAgc,GXBlM-ekzrI,sceAgcBranchPatchSetCompareAddress,GXBlM-ekzrI#G#A,0xc2d0,Function,true,GXBlM-ekzrI#G#A,0xc2d0,false,false,54,true,1,0,110df81f759ae3dffcc9b5e3fa062c74058518631847641b8e08a54f6b8b6e2d,agc_contracts-agc_35,remote-results/contracts-agc/job-0035/headless.log,b8cd811f131d64276047f8052d1bda26d869468ff3df6730746ff3ce9c3f90e8
libSceAgc,w1KFAHVqpaU,sceAgcCbBranch,w1KFAHVqpaU#G#A,0x1fd0,Function,true,w1KFAHVqpaU#G#A,0x1fd0,false,false,413,true,1,0,110df81f759ae3dffcc9b5e3fa062c74058518631847641b8e08a54f6b8b6e2d,agc_contracts-agc_36,remote-results/contracts-agc/job-0036/headless.log,ee61b17c27d0dd4ab4f9b1233d9f60d803eb1fc187379e4f3ca96f22f1bb3185
libSceAgc,uZW-mqsxkrM,sceAgcCbBranchGetSize,uZW-mqsxkrM#G#A,0xcd70,Function,true,uZW-mqsxkrM#G#A,0xcd70,false,false,6,true,1,0,110df81f759ae3dffcc9b5e3fa062c74058518631847641b8e08a54f6b8b6e2d,agc_contracts-agc_37,remote-results/contracts-agc/job-0037/headless.log,5a894fb36e680e83eca6b0030444cabebca63c1cf84d925ba477644583b122d7
libSceAgc,7toV+elXqNM,sceAgcCbCondWrite,7toV+elXqNM#G#A,0x2230,Function,true,7toV+elXqNM#G#A,0x2230,false,false,232,true,1,0,110df81f759ae3dffcc9b5e3fa062c74058518631847641b8e08a54f6b8b6e2d,agc_contracts-agc_38,remote-results/contracts-agc/job-0038/headless.log,a67540786547e515f397c452d5d362cb2445cd84db0ddc3ed9715da85fa89803
libSceAgc,FuVbkyKlf+s,sceAgcCbCondWriteGetSize,FuVbkyKlf+s#G#A,0xcd80,Function,true,FuVbkyKlf+s#G#A,0xcd80,false,false,6,true,1,0,110df81f759ae3dffcc9b5e3fa062c74058518631847641b8e08a54f6b8b6e2d,agc_contracts-agc_39,remote-results/contracts-agc/job-0039/headless.log,0b705f94dacbed91e725d6f90852e87f0baa8bbb1cf1b6f03214924ceeb492de
libSceAgc,Abendgtz+3o,sceAgcCbDispatchGetSize,Abendgtz+3o#G#A,0xcd60,Function,true,Abendgtz+3o#G#A,0xcd60,false,false,6,true,1,0,110df81f759ae3dffcc9b5e3fa062c74058518631847641b8e08a54f6b8b6e2d,agc_contracts-agc_40,remote-results/contracts-agc/job-0040/headless.log,01627ce19e68dbdfb1bd16a5fade39e0fb18cb944e93c6125c885476b8cece59
libSceAgc,t7PlZ9nt5Lc,sceAgcCbNopGetSize,t7PlZ9nt5Lc#G#A,0xcd90,Function,true,t7PlZ9nt5Lc#G#A,0xcd90,false,false,8,true,1,0,110df81f759ae3dffcc9b5e3fa062c74058518631847641b8e08a54f6b8b6e2d,agc_contracts-agc_41,remote-results/contracts-agc/job-0041/headless.log,042f35defae47237897223ce9111c36dd95f3d91b40f0046b5499f033dc06467
libSceAgc,hL7C0IRpWZI,sceAgcCbQueueEndOfPipeActionGetSize,hL7C0IRpWZI#G#A,0xcda0,Function,true,hL7C0IRpWZI#G#A,0xcda0,false,false,6,true,1,0,110df81f759ae3dffcc9b5e3fa062c74058518631847641b8e08a54f6b8b6e2d,agc_contracts-agc_42,remote-results/contracts-agc/job-0042/headless.log,53261d39bc8830dd607ca38e6c13ec4fda7a73333f809065a5d76be6009a8d9d
libSceAgc,bxGoVxpdSPQ,sceAgcCbSetShRegisterRangeDirectGetSize,bxGoVxpdSPQ#G#A,0xcdb0,Function,true,bxGoVxpdSPQ#G#A,0xcdb0,false,false,8,true,1,0,110df81f759ae3dffcc9b5e3fa062c74058518631847641b8e08a54f6b8b6e2d,agc_contracts-agc_43,remote-results/contracts-agc/job-0043/headless.log,ecbf04eb4fb7d21033de83c1041f9c865df9ee0a3e6f0ce455ff4576297a5f53
libSceAgc,yUBESvCCJ4I,sceAgcCbSetShRegistersDirectGetSize,yUBESvCCJ4I#G#A,0xcdd0,Function,true,yUBESvCCJ4I#G#A,0xcdd0,false,false,7,true,1,0,110df81f759ae3dffcc9b5e3fa062c74058518631847641b8e08a54f6b8b6e2d,agc_contracts-agc_44,remote-results/contracts-agc/job-0044/headless.log,3b604f87d1926a7189d211f358056e8a10321d0d935b5065b30af229879a9e05
libSceAgc,MDLD5Ly94Xk,sceAgcCbSetUcRegisterRangeDirect,MDLD5Ly94Xk#G#A,0x2740,Function,true,MDLD5Ly94Xk#G#A,0x2740,false,false,218,true,1,0,110df81f759ae3dffcc9b5e3fa062c74058518631847641b8e08a54f6b8b6e2d,agc_contracts-agc_45,remote-results/contracts-agc/job-0045/headless.log,59d68442b069888b25ce930697000d70714b0948982fed60d6e75acf68557af3
libSceAgc,JOWmDrl+j20,sceAgcCbSetUcRegisterRangeDirectGetSize,JOWmDrl+j20#G#A,0xcdc0,Function,true,JOWmDrl+j20#G#A,0xcdc0,false,false,8,true,1,0,110df81f759ae3dffcc9b5e3fa062c74058518631847641b8e08a54f6b8b6e2d,agc_contracts-agc_46,remote-results/contracts-agc/job-0046/headless.log,8716aca1668f586d58a5c9b4eb561f2f81d450862d186b011501b16db9c800ca
libSceAgc,03RZmELWWzw,sceAgcCbSetUcRegistersDirect,03RZmELWWzw#G#A,0x2b10,Function,true,03RZmELWWzw#G#A,0x2b10,false,false,736,true,1,0,110df81f759ae3dffcc9b5e3fa062c74058518631847641b8e08a54f6b8b6e2d,agc_contracts-agc_47,remote-results/contracts-agc/job-0047/headless.log,4439eec4c781a52a66b7eb96ac25f2c281d2c6d2f521032c858017297148b8d6
libSceAgc,TGEZzUWLbrc,sceAgcCbSetUcRegistersDirectGetSize,TGEZzUWLbrc#G#A,0xcde0,Function,true,TGEZzUWLbrc#G#A,0xcde0,false,false,7,true,1,0,110df81f759ae3dffcc9b5e3fa062c74058518631847641b8e08a54f6b8b6e2d,agc_contracts-agc_48,remote-results/contracts-agc/job-0048/headless.log,78c6d1ae915c122fcae7b142b883491cb558095e7210222a6c316d79fb8661b6
libSceAgc,YWTKOju587o,sceAgcCondExecPatchSetCommandAddress,YWTKOju587o#G#A,0xc620,Function,true,YWTKOju587o#G#A,0xc620,false,false,46,true,1,0,110df81f759ae3dffcc9b5e3fa062c74058518631847641b8e08a54f6b8b6e2d,agc_contracts-agc_49,remote-results/contracts-agc/job-0049/headless.log,2e8b12835c91f5ca2903b676450cef86c696c87c0b4050d0d0b99b5b5cf36646
libSceAgc,ORWsxIbk4TE,sceAgcCondExecPatchSetEnd,ORWsxIbk4TE#G#A,0xc5d0,Function,true,ORWsxIbk4TE#G#A,0xc5d0,false,false,76,true,1,0,110df81f759ae3dffcc9b5e3fa062c74058518631847641b8e08a54f6b8b6e2d,agc_contracts-agc_50,remote-results/contracts-agc/job-0050/headless.log,a004ca6d66e5393b3bda9904befe0f5c29fbd138549612f25b20a4f5c59ae6c6
libSceAgc,-vnlTPPXPrw,sceAgcDcbAcquireMemGetSize,-vnlTPPXPrw#G#A,0xce50,Function,true,-vnlTPPXPrw#G#A,0xce50,false,false,22,true,1,0,110df81f759ae3dffcc9b5e3fa062c74058518631847641b8e08a54f6b8b6e2d,agc_contracts-agc_51,remote-results/contracts-agc/job-0051/headless.log,c234d74f27e14d5cc056927d98dccbfc1ab2745fbe2f1e0f47a17f742dd36078
libSceAgc,1tB0xkLNjcw,sceAgcDcbAtomicGdsGetSize,1tB0xkLNjcw#G#A,0xce70,Function,true,1tB0xkLNjcw#G#A,0xce70,false,false,6,true,1,0,110df81f759ae3dffcc9b5e3fa062c74058518631847641b8e08a54f6b8b6e2d,agc_contracts-agc_52,remote-results/contracts-agc/job-0052/headless.log,8469db55055d58e548c16ddc4bd3acfbf934b00e3307d59689bbaefb8939f2fd
libSceAgc,1-gUn1PI4Sw,sceAgcDcbAtomicMem,1-gUn1PI4Sw#G#A,0x37b0,Function,true,1-gUn1PI4Sw#G#A,0x37b0,false,false,282,true,1,0,110df81f759ae3dffcc9b5e3fa062c74058518631847641b8e08a54f6b8b6e2d,agc_contracts-agc_53,remote-results/contracts-agc/job-0053/headless.log,3c5c77b1293ad50a584c7806ab4ebc8a4b87aceb493c618a6093cb461b868ec6
libSceAgc,oz6zQq1JwCE,sceAgcDcbAtomicMemGetSize,oz6zQq1JwCE#G#A,0xce80,Function,true,oz6zQq1JwCE#G#A,0xce80,false,false,6,true,1,0,110df81f759ae3dffcc9b5e3fa062c74058518631847641b8e08a54f6b8b6e2d,agc_contracts-agc_54,remote-results/contracts-agc/job-0054/headless.log,a1077325ebb96f04af6d966f654f8525d89996eb305b7c4c608dcf6c07e378fb
libSceAgc,ms1xVoZ-Vwc,sceAgcDcbBeginOcclusionQueryGetSize,ms1xVoZ-Vwc#G#A,0xd0e0,Function,true,ms1xVoZ-Vwc#G#A,0xd0e0,false,false,24,true,1,0,110df81f759ae3dffcc9b5e3fa062c74058518631847641b8e08a54f6b8b6e2d,agc_contracts-agc_55,remote-results/contracts-agc/job-0055/headless.log,5f3fa858c1dbb6ab2e1e346fea73a948b7a405b4ff931fe3e71ba0201db9dc74
libSceAgc,BIPexNBSGog,sceAgcDcbCondExec,BIPexNBSGog#G#A,0x4050,Function,true,BIPexNBSGog#G#A,0x4050,false,false,173,true,1,0,110df81f759ae3dffcc9b5e3fa062c74058518631847641b8e08a54f6b8b6e2d,agc_contracts-agc_56,remote-results/contracts-agc/job-0056/headless.log,9e1c179bbb3b10350ce35ff0551e5c2b3633df8ac9a5ea615f211884f0001ce6
libSceAgc,ou16V5hh5sg,sceAgcDcbCondExecGetSize,ou16V5hh5sg#G#A,0xce90,Function,true,ou16V5hh5sg#G#A,0xce90,false,false,6,true,1,0,110df81f759ae3dffcc9b5e3fa062c74058518631847641b8e08a54f6b8b6e2d,agc_contracts-agc_57,remote-results/contracts-agc/job-0057/headless.log,78f734226b0774f73a2164478994cc6fa8b84458b7519df0651724249eaa5bdf
libSceAgc,H6vHS5cidSA,sceAgcDcbContextStateOpGetSize,H6vHS5cidSA#G#A,0xcea0,Function,true,H6vHS5cidSA#G#A,0xcea0,false,false,23,true,1,0,110df81f759ae3dffcc9b5e3fa062c74058518631847641b8e08a54f6b8b6e2d,agc_contracts-agc_58,remote-results/contracts-agc/job-0058/headless.log,fabad7024fec8d48f48323303480370d7107597d43542e594e541996edb8e350
libSceAgc,b5u0Jzm8TF8,sceAgcDcbCopyDataGetSize,b5u0Jzm8TF8#G#A,0xced0,Function,true,b5u0Jzm8TF8#G#A,0xced0,false,false,6,true,1,0,110df81f759ae3dffcc9b5e3fa062c74058518631847641b8e08a54f6b8b6e2d,agc_contracts-agc_59,remote-results/contracts-agc/job-0059/headless.log,7d61054a8209d118967d8a2c738946cbfae97cf1d8ef69843a0877531ce83eb2
libSceAgc,w8HVkEeXPv8,sceAgcDcbDispatchIndirectGetSize,w8HVkEeXPv8#G#A,0xcf10,Function,true,w8HVkEeXPv8#G#A,0xcf10,false,false,6,true,1,0,110df81f759ae3dffcc9b5e3fa062c74058518631847641b8e08a54f6b8b6e2d,agc_contracts-agc_60,remote-results/contracts-agc/job-0060/headless.log,517397145a7c1c3c1dec2b0b97b7102da9aecfcd224290d4ab8004229dc3e7bd
libSceAgc,WrdP9Zxx3lQ,sceAgcDcbDrawIndexAutoGetSize,WrdP9Zxx3lQ#G#A,0xcf20,Function,true,WrdP9Zxx3lQ#G#A,0xcf20,false,false,6,true,1,0,110df81f759ae3dffcc9b5e3fa062c74058518631847641b8e08a54f6b8b6e2d,agc_contracts-agc_61,remote-results/contracts-agc/job-0061/headless.log,0caff6c15d9da46eaa8a999c989a06fd85e8720242279954ccccd1a9a1f0b28d
libSceAgc,6ee9Hd3EWXQ,sceAgcDcbDrawIndexGetSize,6ee9Hd3EWXQ#G#A,0xcf30,Function,true,6ee9Hd3EWXQ#G#A,0xcf30,false,false,6,true,1,0,110df81f759ae3dffcc9b5e3fa062c74058518631847641b8e08a54f6b8b6e2d,agc_contracts-agc_62,remote-results/contracts-agc/job-0062/headless.log,0a047f89f1a58750c613b784b353fa8cf4db9c035e83115877691ae3f0fd108b
libSceAgc,ypVBz4uPKcQ,sceAgcDcbDrawIndexIndirectMulti,ypVBz4uPKcQ#G#A,0x5210,Function,true,ypVBz4uPKcQ#G#A,0x5210,false,false,504,true,1,0,110df81f759ae3dffcc9b5e3fa062c74058518631847641b8e08a54f6b8b6e2d,agc_contracts-agc_63,remote-results/contracts-agc/job-0063/headless.log,a4a9482cd3b737f64dd681bd602452d2436e8528ccf05602e0686f4ccaa0f1f5
libSceAgc,r98I08t+LOg,sceAgcDcbDrawIndexIndirectMultiGetSize,r98I08t+LOg#G#A,0xcf80,Function,true,r98I08t+LOg#G#A,0xcf80,false,false,21,true,1,0,110df81f759ae3dffcc9b5e3fa062c74058518631847641b8e08a54f6b8b6e2d,agc_contracts-agc_64,remote-results/contracts-agc/job-0064/headless.log,bfdfcc0a25395b0d427bf1889504be5325cb2a60b8aea80b5d8f96d4bdadd537
libSceAgc,Rlx+bykm0r0,sceAgcDcbDrawIndexMultiInstanced,Rlx+bykm0r0#G#A,0x5570,Function,true,Rlx+bykm0r0#G#A,0x5570,false,false,345,true,1,0,110df81f759ae3dffcc9b5e3fa062c74058518631847641b8e08a54f6b8b6e2d,agc_contracts-agc_65,remote-results/contracts-agc/job-0065/headless.log,24e1f38c35963f42b26b764918b1adf353778e9ff46539fa4d232c59756a52d6
libSceAgc,mR9j7+SfM34,sceAgcDcbDrawIndexMultiInstancedGetSize,mR9j7+SfM34#G#A,0xcfb0,Function,true,mR9j7+SfM34#G#A,0xcfb0,false,false,21,true,1,0,110df81f759ae3dffcc9b5e3fa062c74058518631847641b8e08a54f6b8b6e2d,agc_contracts-agc_66,remote-results/contracts-agc/job-0066/headless.log,43626d4b3bc6ee8a31e2008e4b344560eb2bab51ddce368cd770f17b20233836
libSceAgc,qMlfB1ZhMDc,sceAgcDcbDrawIndexOffsetGetSize,qMlfB1ZhMDc#G#A,0xcf40,Function,true,qMlfB1ZhMDc#G#A,0xcf40,false,false,6,true,1,0,110df81f759ae3dffcc9b5e3fa062c74058518631847641b8e08a54f6b8b6e2d,agc_contracts-agc_67,remote-results/contracts-agc/job-0067/headless.log,0dc78e3dacd1adf9eb2263586e093599597afa97eab8ba466634dac600677927
libSceAgc,1q1titRBL6o,sceAgcDcbDrawIndirect,1q1titRBL6o#G#A,0x4f00,Function,true,1q1titRBL6o#G#A,0x4f00,false,false,286,true,1,0,110df81f759ae3dffcc9b5e3fa062c74058518631847641b8e08a54f6b8b6e2d,agc_contracts-agc_68,remote-results/contracts-agc/job-0068/headless.log,94a5f3b46230b22b2abef3a138a66b5c3610c17319c897d2c3f29139631d5adf
libSceAgc,cxPZ4Wgvdj8,sceAgcDcbDrawIndirectGetSize,cxPZ4Wgvdj8#G#A,0xcf50,Function,true,cxPZ4Wgvdj8#G#A,0xcf50,false,false,6,true,1,0,110df81f759ae3dffcc9b5e3fa062c74058518631847641b8e08a54f6b8b6e2d,agc_contracts-agc_69,remote-results/contracts-agc/job-0069/headless.log,0b6351ac2a6647c8633d22686f1ddfe3ed03568fb671376f7a6f0122d9c7a48f
libSceAgc,kUlvghKs-mA,sceAgcDcbDrawIndirectMulti,kUlvghKs-mA#G#A,0x5020,Function,true,kUlvghKs-mA#G#A,0x5020,false,false,490,true,1,0,110df81f759ae3dffcc9b5e3fa062c74058518631847641b8e08a54f6b8b6e2d,agc_contracts-agc_70,remote-results/contracts-agc/job-0070/headless.log,011fa9d77d12ecbfe791b0005a1424a6bf9e93cea0869ab71906694e6e8d6938
libSceAgc,pYoKs3lPy88,sceAgcDcbDrawIndirectMultiGetSize,pYoKs3lPy88#G#A,0xcf60,Function,true,pYoKs3lPy88#G#A,0xcf60,false,false,21,true,1,0,110df81f759ae3dffcc9b5e3fa062c74058518631847641b8e08a54f6b8b6e2d,agc_contracts-agc_71,remote-results/contracts-agc/job-0071/headless.log,3c1d89f04b63d892155f4d36e0e36ffddf78f494f95cff191ef9b6a2f21664ee
libSceAgc,P1CugZ99Uzc,sceAgcDcbEndOcclusionQueryGetSize,P1CugZ99Uzc#G#A,0xd100,Function,true,P1CugZ99Uzc#G#A,0xd100,false,false,6,true,1,0,110df81f759ae3dffcc9b5e3fa062c74058518631847641b8e08a54f6b8b6e2d,agc_contracts-agc_72,remote-results/contracts-agc/job-0072/headless.log,61a5564884bf71b9175a61520a10d0117d2e6b7bd914b83a1ae337f2717f52f1
libSceAgc,C4l9fB17t8w,sceAgcDcbEventWriteGetSize,C4l9fB17t8w#G#A,0xcfd0,Function,true,C4l9fB17t8w#G#A,0xcfd0,false,false,22,true,1,0,110df81f759ae3dffcc9b5e3fa062c74058518631847641b8e08a54f6b8b6e2d,agc_contracts-agc_73,remote-results/contracts-agc/job-0073/headless.log,51be73e5a173f2d138446bd576c1cae4ec7dbae7c30d75c36a62ef2d55d237f9
libSceAgc,VEGu4dixjUg,sceAgcDcbJumpGetSize,VEGu4dixjUg#G#A,0xcec0,Function,true,VEGu4dixjUg#G#A,0xcec0,false,false,6,true,1,0,110df81f759ae3dffcc9b5e3fa062c74058518631847641b8e08a54f6b8b6e2d,agc_contracts-agc_74,remote-results/contracts-agc/job-0074/headless.log,486614302d45ba08520352f6f0ea1f46ca8dc571359acb1b49c2ff5e1372c342
libSceAgc,G0jrLdvEqDw,sceAgcDcbMemSemaphore,G0jrLdvEqDw#G#A,0x7480,Function,true,G0jrLdvEqDw#G#A,0x7480,false,false,399,true,1,0,110df81f759ae3dffcc9b5e3fa062c74058518631847641b8e08a54f6b8b6e2d,agc_contracts-agc_75,remote-results/contracts-agc/job-0075/headless.log,d81791ecc00316d4126ecd0d0e2a8711fba57bc12d7346dfdb6c523a44376581
libSceAgc,jt3pl7EN17o,sceAgcDcbPrimeUtcl2,jt3pl7EN17o#G#A,0x6a20,Function,true,jt3pl7EN17o#G#A,0x6a20,false,false,213,true,1,0,110df81f759ae3dffcc9b5e3fa062c74058518631847641b8e08a54f6b8b6e2d,agc_contracts-agc_76,remote-results/contracts-agc/job-0076/headless.log,431907bb4b7678818fc64ffddac3bcd7d536106d19765fff547d2166b3982c92
libSceAgc,KjPeVduz6jU,sceAgcDcbPrimeUtcl2GetSize,KjPeVduz6jU#G#A,0xd140,Function,true,KjPeVduz6jU#G#A,0xd140,false,false,6,true,1,0,110df81f759ae3dffcc9b5e3fa062c74058518631847641b8e08a54f6b8b6e2d,agc_contracts-agc_77,remote-results/contracts-agc/job-0077/headless.log,4f1c8720e860033491f8fd7cae7d95bc28a117fe51196eca0509ed544b0364bb
libSceAgc,zg6u-N6Otxs,sceAgcDcbQueueEndOfShaderActionGetSize,zg6u-N6Otxs#G#A,0xcf00,Function,true,zg6u-N6Otxs#G#A,0xcf00,false,false,6,true,1,0,110df81f759ae3dffcc9b5e3fa062c74058518631847641b8e08a54f6b8b6e2d,agc_contracts-agc_78,remote-results/contracts-agc/job-0078/headless.log,ab5fe99eb16f8700639683a39620b29768e3d0ec8e8c5cec078b31dfb23c5744
libSceAgc,zfcxg-ewMK8,sceAgcDcbRewind,zfcxg-ewMK8#G#A,0x6990,Function,true,zfcxg-ewMK8#G#A,0x6990,false,false,136,true,1,0,110df81f759ae3dffcc9b5e3fa062c74058518631847641b8e08a54f6b8b6e2d,agc_contracts-agc_79,remote-results/contracts-agc/job-0079/headless.log,9d10055f235ed648bf4af63ae96920f772d0951ed0e675f1d6262d52cc86a7e6
libSceAgc,QIXCsbipds0,sceAgcDcbRewindGetSize,QIXCsbipds0#G#A,0xd0d0,Function,true,QIXCsbipds0#G#A,0xd0d0,false,false,6,true,1,0,110df81f759ae3dffcc9b5e3fa062c74058518631847641b8e08a54f6b8b6e2d,agc_contracts-agc_80,remote-results/contracts-agc/job-0080/headless.log,9c071cd4efe16bdca9ec384a9e068a653dcfae1342b13b9d4e2c82e55ea61a04
libSceAgc,9S4noWrUI0s,sceAgcDcbSetBaseDispatchIndirectArgsGetSize,9S4noWrUI0s#G#A,0xd000,Function,true,9S4noWrUI0s#G#A,0xd000,false,false,6,true,1,0,110df81f759ae3dffcc9b5e3fa062c74058518631847641b8e08a54f6b8b6e2d,agc_contracts-agc_81,remote-results/contracts-agc/job-0081/headless.log,3f3b1e7e050fd7bf324268b3c89816e28fa6db36eb070efe0b554297382c745e
libSceAgc,MMlmJAL7N5w,sceAgcDcbSetBaseDrawIndirectArgsGetSize,MMlmJAL7N5w#G#A,0xd010,Function,true,MMlmJAL7N5w#G#A,0xd010,false,false,6,true,1,0,110df81f759ae3dffcc9b5e3fa062c74058518631847641b8e08a54f6b8b6e2d,agc_contracts-agc_82,remote-results/contracts-agc/job-0082/headless.log,b505837908b8b933f76d8601ec3bdbf51565147d7d8eb33fd5b28a725970aa24
libSceAgc,yheJGN-ay+A,sceAgcDcbSetBoolPredicationEnableGetSize,yheJGN-ay+A#G#A,0xd120,Function,true,yheJGN-ay+A#G#A,0xd120,false,false,6,true,1,0,110df81f759ae3dffcc9b5e3fa062c74058518631847641b8e08a54f6b8b6e2d,agc_contracts-agc_83,remote-results/contracts-agc/job-0083/headless.log,c027ac1dae121354d0603c118ba1ac6be79e6c01631a9fab0d8de3eaf576a4c1
libSceAgc,LHFXRrlTPD8,sceAgcDcbSetCxRegisterDirect,LHFXRrlTPD8#G#A,0x3350,Function,true,LHFXRrlTPD8#G#A,0x3350,false,false,147,true,1,0,110df81f759ae3dffcc9b5e3fa062c74058518631847641b8e08a54f6b8b6e2d,agc_contracts-agc_84,remote-results/contracts-agc/job-0084/headless.log,937771b6b2e9ed455fb29bbc4726d0a5eb1f556ad39137199f0ae110a28146e0
libSceAgc,1DeUNpRIDDA,sceAgcDcbSetCxRegisterDirectGetSize,1DeUNpRIDDA#G#A,0xce30,Function,true,1DeUNpRIDDA#G#A,0xce30,false,false,6,true,1,0,110df81f759ae3dffcc9b5e3fa062c74058518631847641b8e08a54f6b8b6e2d,agc_contracts-agc_85,remote-results/contracts-agc/job-0085/headless.log,4298e9bc8a20354a89d292ec951c36fc37cf4613c0fb4bc2262f49a4e77bdb1e
libSceAgc,GBCh3zCihoU,sceAgcDcbSetCxRegistersIndirectGetSize,GBCh3zCihoU#G#A,0xce00,Function,true,GBCh3zCihoU#G#A,0xce00,false,false,6,true,1,0,110df81f759ae3dffcc9b5e3fa062c74058518631847641b8e08a54f6b8b6e2d,agc_contracts-agc_86,remote-results/contracts-agc/job-0086/headless.log,4e0bf6c8147b7eb910192091e82955817525c8447aa1c72f7500fd11383bfbd2
libSceAgc,j4emHHndCPY,sceAgcDcbSetIndexBufferGetSize,j4emHHndCPY#G#A,0xd030,Function,true,j4emHHndCPY#G#A,0xd030,false,false,6,true,1,0,110df81f759ae3dffcc9b5e3fa062c74058518631847641b8e08a54f6b8b6e2d,agc_contracts-agc_87,remote-results/contracts-agc/job-0087/headless.log,54e253e60500229fc1cbcb2b4b379c64702cda20be47074a1843b0896596b199
libSceAgc,0o3VDdtA6nM,sceAgcDcbSetIndexIndirectArgs,0o3VDdtA6nM#G#A,0x6b60,Function,true,0o3VDdtA6nM#G#A,0x6b60,false,false,165,true,1,0,110df81f759ae3dffcc9b5e3fa062c74058518631847641b8e08a54f6b8b6e2d,agc_contracts-agc_88,remote-results/contracts-agc/job-0088/headless.log,3d02ba5a24c86d608a72fb0ead1cbb99fce8f1f8101abfe92eeddf42b13472a8
libSceAgc,AFIh8SQkYlQ,sceAgcDcbSetIndexIndirectArgsGetSize,AFIh8SQkYlQ#G#A,0xd150,Function,true,AFIh8SQkYlQ#G#A,0xd150,false,false,6,true,1,0,110df81f759ae3dffcc9b5e3fa062c74058518631847641b8e08a54f6b8b6e2d,agc_contracts-agc_89,remote-results/contracts-agc/job-0089/headless.log,183e1c11d099560e380990d57c476bd08534bce82269c548f81988f2def54933
libSceAgc,ca4KPvp0qLQ,sceAgcDcbSetIndexSizeGetSize,ca4KPvp0qLQ#G#A,0xd020,Function,true,ca4KPvp0qLQ#G#A,0xd020,false,false,6,true,1,0,110df81f759ae3dffcc9b5e3fa062c74058518631847641b8e08a54f6b8b6e2d,agc_contracts-agc_90,remote-results/contracts-agc/job-0090/headless.log,7ac171f6ee5cc77fb5adc53a5218efbd4f728b2078bef6dbed64609d90ada1bb
libSceAgc,QhCbS4X9Rl8,sceAgcDcbSetMarker,QhCbS4X9Rl8#G#A,0x7060,Function,true,QhCbS4X9Rl8#G#A,0x7060,false,false,187,true,1,0,110df81f759ae3dffcc9b5e3fa062c74058518631847641b8e08a54f6b8b6e2d,agc_contracts-agc_91,remote-results/contracts-agc/job-0091/headless.log,b938f38bc72947539f843a87bbc46300bc504a3f99a35e3ecee1de2661a824a7
libSceAgc,6DFuRKT4C9w,sceAgcDcbSetNumInstancesGetSize,6DFuRKT4C9w#G#A,0xd050,Function,true,6DFuRKT4C9w#G#A,0xd050,false,false,6,true,1,0,110df81f759ae3dffcc9b5e3fa062c74058518631847641b8e08a54f6b8b6e2d,agc_contracts-agc_92,remote-results/contracts-agc/job-0092/headless.log,197e40aaaf4243c75a52376e34de9fe690160e3c6134b9d6046062664ef49305
libSceAgc,vLrBL8DQiz8,sceAgcDcbSetPredicationDisableGetSize,vLrBL8DQiz8#G#A,0xd130,Function,true,vLrBL8DQiz8#G#A,0xd130,false,false,6,true,1,0,110df81f759ae3dffcc9b5e3fa062c74058518631847641b8e08a54f6b8b6e2d,agc_contracts-agc_93,remote-results/contracts-agc/job-0093/headless.log,f98db464bd86572dc0cdd67f1c47247e366ecd5edae5297d29f3b0a176d6d55c
libSceAgc,pFLArOT53+w,sceAgcDcbSetShRegisterDirect,pFLArOT53+w#G#A,0x49a0,Function,true,pFLArOT53+w#G#A,0x49a0,false,false,147,true,1,0,110df81f759ae3dffcc9b5e3fa062c74058518631847641b8e08a54f6b8b6e2d,agc_contracts-agc_94,remote-results/contracts-agc/job-0094/headless.log,de5c9578938ef2e62db48be243fd9acd36a491aee4a6ef5b10aeb421a52cb0e2
libSceAgc,QhPDD513V0w,sceAgcDcbSetShRegisterDirectGetSize,QhPDD513V0w#G#A,0xce20,Function,true,QhPDD513V0w#G#A,0xce20,false,false,6,true,1,0,110df81f759ae3dffcc9b5e3fa062c74058518631847641b8e08a54f6b8b6e2d,agc_contracts-agc_95,remote-results/contracts-agc/job-0095/headless.log,8fb6369a79dd25978e8954f5946404bc3a9a9a45dd679fe8ca53c37e8e52d38e
libSceAgc,nNlUtdDDvZ0,sceAgcDcbSetShRegistersIndirectGetSize,nNlUtdDDvZ0#G#A,0xcdf0,Function,true,nNlUtdDDvZ0#G#A,0xcdf0,false,false,6,true,1,0,110df81f759ae3dffcc9b5e3fa062c74058518631847641b8e08a54f6b8b6e2d,agc_contracts-agc_96,remote-results/contracts-agc/job-0096/headless.log,a275f0541f7f6b35bc034ccd768cd69a1f049132a823876240bcac204d047f7c
libSceAgc,w4-d0n60hdo,sceAgcDcbSetUcRegisterDirect,w4-d0n60hdo#G#A,0x4900,Function,true,w4-d0n60hdo#G#A,0x4900,false,false,147,true,1,0,110df81f759ae3dffcc9b5e3fa062c74058518631847641b8e08a54f6b8b6e2d,agc_contracts-agc_97,remote-results/contracts-agc/job-0097/headless.log,ef47fd45703e29a8cc3a403a712c90745629518f62a37387d38b8feb2c88a158
libSceAgc,aP1Ki9G3++4,sceAgcDcbSetUcRegisterDirectGetSize,aP1Ki9G3++4#G#A,0xce40,Function,true,aP1Ki9G3++4#G#A,0xce40,false,false,6,true,1,0,110df81f759ae3dffcc9b5e3fa062c74058518631847641b8e08a54f6b8b6e2d,agc_contracts-agc_98,remote-results/contracts-agc/job-0098/headless.log,7040faadfd929311a1da9000e4fbe18360bf2973609aec10fd2bdcaee5e7a4b7
libSceAgc,UQGTw4xRlcM,sceAgcDcbSetUcRegistersIndirectGetSize,UQGTw4xRlcM#G#A,0xce10,Function,true,UQGTw4xRlcM#G#A,0xce10,false,false,6,true,1,0,110df81f759ae3dffcc9b5e3fa062c74058518631847641b8e08a54f6b8b6e2d,agc_contracts-agc_99,remote-results/contracts-agc/job-0099/headless.log,e4e585a61116df7ee3a604c33c284392ac7d84a9ac649d4567ddf370b9656830
libSceAgc,hEK26Wdny6s,sceAgcDcbSetWorkloadComplete,hEK26Wdny6s#G#A,0x76c0,Function,true,hEK26Wdny6s#G#A,0x76c0,false,false,157,true,1,0,110df81f759ae3dffcc9b5e3fa062c74058518631847641b8e08a54f6b8b6e2d,agc_contracts-agc_100,remote-results/contracts-agc/job-0100/headless.log,91f1b6392bc6311e878c0d46687b02ad8373917aa44427a99bff4ac99b086a3f
libSceAgc,LFSPFmGc9Hg,sceAgcDcbSetWorkloadsActive,LFSPFmGc9Hg#G#A,0x7610,Function,true,LFSPFmGc9Hg#G#A,0x7610,false,false,164,true,1,0,110df81f759ae3dffcc9b5e3fa062c74058518631847641b8e08a54f6b8b6e2d,agc_contracts-agc_101,remote-results/contracts-agc/job-0101/headless.log,34a60ebcaf391f58f91b117a5067c42295ed9a19cd7b8a6ff6bc94c5b0e2d169
libSceAgc,FneFypEDRgY,sceAgcDcbSetWorkloadStreamInactive,FneFypEDRgY#G#A,0x7760,Function,true,FneFypEDRgY#G#A,0x7760,false,false,141,true,1,0,110df81f759ae3dffcc9b5e3fa062c74058518631847641b8e08a54f6b8b6e2d,agc_contracts-agc_102,remote-results/contracts-agc/job-0102/headless.log,2b52acedaec02c4e4f8cc8f395ee73e52e55a2dfd52e92d616051b8c6ed1aa99
libSceAgc,XN+Iuu7XsM8,sceAgcDcbSetZPassPredicationEnableGetSize,XN+Iuu7XsM8#G#A,0xd110,Function,true,XN+Iuu7XsM8#G#A,0xd110,false,false,6,true,1,0,110df81f759ae3dffcc9b5e3fa062c74058518631847641b8e08a54f6b8b6e2d,agc_contracts-agc_103,remote-results/contracts-agc/job-0103/headless.log,51d296142acfa00357b9800c2661fdc47bd51b0ed44db0579cde71202a19677f
libSceAgc,43WJ08sSugE,sceAgcDcbWaitOnAddressGetSize,43WJ08sSugE#G#A,0xd070,Function,true,43WJ08sSugE#G#A,0xd070,false,false,85,true,1,0,110df81f759ae3dffcc9b5e3fa062c74058518631847641b8e08a54f6b8b6e2d,agc_contracts-agc_104,remote-results/contracts-agc/job-0104/headless.log,187cb380984fd35735768a1253ca511d03efb829d91644379ae1ec53969fc98a
libSceAgc,p9tI+yTvx68,sceAgcDcbWriteDataGetSize,p9tI+yTvx68#G#A,0xcef0,Function,true,p9tI+yTvx68#G#A,0xcef0,false,false,8,true,1,0,110df81f759ae3dffcc9b5e3fa062c74058518631847641b8e08a54f6b8b6e2d,agc_contracts-agc_105,remote-results/contracts-agc/job-0105/headless.log,73e6b8c9caf7c73b1ec92c07b94738e70ff1f884c7a0d218919ce223c36a8e3a
libSceAgc,T6xuVw0KUJo,sceAgcDebugRaiseException,T6xuVw0KUJo#G#A,0x9960,Function,true,T6xuVw0KUJo#G#A,0x9960,false,true,5,true,1,0,110df81f759ae3dffcc9b5e3fa062c74058518631847641b8e08a54f6b8b6e2d,agc_contracts-agc_106,remote-results/contracts-agc/job-0106/headless.log,a05d34fd2c4d74e86346e352816f1b4d9ee26c9c598ccef56a75ec047148e733
libSceAgc,s+VGAMDQ0AQ,sceAgcGetDataPacketPayloadRange,s+VGAMDQ0AQ#G#A,0xc840,Function,true,s+VGAMDQ0AQ#G#A,0xc840,false,false,73,true,1,0,110df81f759ae3dffcc9b5e3fa062c74058518631847641b8e08a54f6b8b6e2d,agc_contracts-agc_107,remote-results/contracts-agc/job-0107/headless.log,6d780a991f7722fa23367ec6f83ece4e9271e46077ae72f238470f48c277b1fa
libSceAgc,AAeX-U5-P3M,sceAgcGetDefaultCxStateFlat,AAeX-U5-P3M#G#A,0x7d60,Function,true,AAeX-U5-P3M#G#A,0x7d60,false,false,112,true,1,0,110df81f759ae3dffcc9b5e3fa062c74058518631847641b8e08a54f6b8b6e2d,agc_contracts-agc_108,remote-results/contracts-agc/job-0108/headless.log,cdd8c0998e5cda26af8b276be53287bf256737630bbb11a03f5702b13e17e44e
libSceAgc,NKIzURsgV7I,sceAgcGetGsOversubscription,NKIzURsgV7I#G#A,0x10db0,Function,true,NKIzURsgV7I#G#A,0x10db0,false,false,1202,true,1,0,110df81f759ae3dffcc9b5e3fa062c74058518631847641b8e08a54f6b8b6e2d,agc_contracts-agc_109,remote-results/contracts-agc/job-0109/headless.log,82b2ac5d4999e7d6c9fe575ae25e338572a51a8a8b4c996f9797437a55e785aa
libSceAgc,Lkf86B98qPc,sceAgcGetPacketSize,Lkf86B98qPc#G#A,0xc750,Function,true,Lkf86B98qPc#G#A,0xc750,false,false,34,true,1,0,110df81f759ae3dffcc9b5e3fa062c74058518631847641b8e08a54f6b8b6e2d,agc_contracts-agc_110,remote-results/contracts-agc/job-0110/headless.log,4b911e3522e91310dddc97a37c2dbbe93d72076d8486db05ff77546bb4b88126
libSceAgc,hFQ9pUxoLQ4,sceAgcGetSemaphoreLabel,hFQ9pUxoLQ4#G#A,0x7b10,Function,true,hFQ9pUxoLQ4#G#A,0x7b10,false,false,51,true,1,0,110df81f759ae3dffcc9b5e3fa062c74058518631847641b8e08a54f6b8b6e2d,agc_contracts-agc_111,remote-results/contracts-agc/job-0111/headless.log,54b3756340cc5ae83858dc7f5bd090b6785757868cf193441421028ddaf7be5d
libSceAgc,ziVA3whp3p4,sceAgcRewindPatchSetRewindState,ziVA3whp3p4#G#A,0xc6d0,Function,true,ziVA3whp3p4#G#A,0xc6d0,false,false,43,true,1,0,110df81f759ae3dffcc9b5e3fa062c74058518631847641b8e08a54f6b8b6e2d,agc_contracts-agc_112,remote-results/contracts-agc/job-0112/headless.log,2f2811676bee5a0d84b3fa5e4f0ccc0d324dcf9c3b31c9d5687835b4a6987a88
libSceAgc,OQTgEXyihvA,sceAgcSetAmmSemaphoreMemory,OQTgEXyihvA#G#A,0x7a40,Function,true,OQTgEXyihvA#G#A,0x7a40,false,false,199,true,1,0,110df81f759ae3dffcc9b5e3fa062c74058518631847641b8e08a54f6b8b6e2d,agc_contracts-agc_113,remote-results/contracts-agc/job-0113/headless.log,93bb34ffc07011f0d7ea4f8dab7f9f9c9347b1e573fc3e806b1725ef7ea98a83
libSceAgc,whb1RL7K4Ss,sceAgcSetCxRegIndirectPatchSetNumRegisters,whb1RL7K4Ss#G#A,0xc4a0,Function,true,whb1RL7K4Ss#G#A,0xc4a0,false,false,54,true,1,0,110df81f759ae3dffcc9b5e3fa062c74058518631847641b8e08a54f6b8b6e2d,agc_contracts-agc_114,remote-results/contracts-agc/job-0114/headless.log,e5175f7cfeda2405f5d445e7503984f225059f729743157a5f1acf2d9e652988
libSceAgc,K2mciNVxUCE,sceAgcSetNop,K2mciNVxUCE#G#A,0xc780,Function,true,K2mciNVxUCE#G#A,0xc780,false,false,7,true,1,0,110df81f759ae3dffcc9b5e3fa062c74058518631847641b8e08a54f6b8b6e2d,agc_contracts-agc_115,remote-results/contracts-agc/job-0115/headless.log,4599f1b7f30d9a676cb9c1d73bf8c12deb25b6fdd6ff583a2fc1464478763871
libSceAgc,n8vgpaQg6dA,sceAgcSetRangePredication,n8vgpaQg6dA#G#A,0xc790,Function,true,n8vgpaQg6dA#G#A,0xc790,false,false,87,true,1,0,110df81f759ae3dffcc9b5e3fa062c74058518631847641b8e08a54f6b8b6e2d,agc_contracts-agc_116,remote-results/contracts-agc/job-0116/headless.log,99707eb3794032002a7cd5209637befabd2724f9f13cd783074b58efdba544ae
libSceAgc,nCUgItdN2ms,sceAgcSetShRegIndirectPatchSetNumRegisters,nCUgItdN2ms#G#A,0xc3f0,Function,true,nCUgItdN2ms#G#A,0xc3f0,false,false,54,true,1,0,110df81f759ae3dffcc9b5e3fa062c74058518631847641b8e08a54f6b8b6e2d,agc_contracts-agc_117,remote-results/contracts-agc/job-0117/headless.log,ab5f6bf42ff752665bf673d35d63051d2efb5ee9031128c0fd1c8df1ae0264a0
libSceAgc,fRG-JOH5+sI,sceAgcSetUcRegIndirectPatchSetNumRegisters,fRG-JOH5+sI#G#A,0xc550,Function,true,fRG-JOH5+sI#G#A,0xc550,false,false,54,true,1,0,110df81f759ae3dffcc9b5e3fa062c74058518631847641b8e08a54f6b8b6e2d,agc_contracts-agc_118,remote-results/contracts-agc/job-0118/headless.log,55fde7137acfc99ba2e3fc0ae04e6b2f8722a375b857e17569debc663eea1bdc
libSceAgc,Y3ymLfZ1384,sceAgcUpdatePrimState,Y3ymLfZ1384#G#A,0x10d60,Function,true,Y3ymLfZ1384#G#A,0x10d60,false,false,68,true,1,0,110df81f759ae3dffcc9b5e3fa062c74058518631847641b8e08a54f6b8b6e2d,agc_contracts-agc_119,remote-results/contracts-agc/job-0119/headless.log,bca8676336a32cdf93d31900e020acadaf828ebc049523a66995588770c7e061
libSceAmpr,Eul7AGEpjLo,sceAmprAprCommandBufferMapBegin,Eul7AGEpjLo#C#A,0x3990,Function,true,Eul7AGEpjLo#C#A,0x3990,false,false,274,true,1,0,129a972cdb762d1b362ad136cdb802f5cac7d3a5f48ecb8b7e5d695c70af4047,agc_contracts-ampr_1,remote-results-ampr-mm4/contracts-ampr/job-0001/headless.log,e2cd007c7e6a6f715fb1d68e7f3e03f10759a84f933f71ba5e1684d2eb1c0584
libSceAmpr,bFEs0Gs6D2A,sceAmprAprCommandBufferMapDirectBegin,bFEs0Gs6D2A#C#A,0x3ab0,Function,true,bFEs0Gs6D2A#C#A,0x3ab0,false,false,301,true,1,0,129a972cdb762d1b362ad136cdb802f5cac7d3a5f48ecb8b7e5d695c70af4047,agc_contracts-ampr_2,remote-results-ampr-mm4/contracts-ampr/job-0002/headless.log,d8eb63b5d98465d04fe96170c60fab889761145e72d04d0906eecc4a2eec96fc
libSceAmpr,X169CE6G3Y4,sceAmprAprCommandBufferMapEnd,X169CE6G3Y4#C#A,0x3be0,Function,true,X169CE6G3Y4#C#A,0x3be0,false,false,129,true,1,0,129a972cdb762d1b362ad136cdb802f5cac7d3a5f48ecb8b7e5d695c70af4047,agc_contracts-ampr_3,remote-results-ampr-mm4/contracts-ampr/job-0003/headless.log,baf21560ce03292c6fe5e5e43c1279102dc3dfc753078f7b4e0ebdd38150db0e
libSceAmpr,mZSbNJVJpV8,sceAmprAprCommandBufferReadFileGather,mZSbNJVJpV8#C#A,0x3610,Function,true,mZSbNJVJpV8#C#A,0x3610,false,false,251,true,1,0,129a972cdb762d1b362ad136cdb802f5cac7d3a5f48ecb8b7e5d695c70af4047,agc_contracts-ampr_4,remote-results-ampr-mm4/contracts-ampr/job-0004/headless.log,1949ef3720900d55cae35a1922037d5015d0efbea5885cd4ccc45c83408fd667
libSceAmpr,BVmR1H8l+XI,sceAmprAprCommandBufferReadFileGatherScatter,BVmR1H8l+XI#C#A,0x37e0,Function,true,BVmR1H8l+XI#C#A,0x37e0,false,false,300,true,1,0,129a972cdb762d1b362ad136cdb802f5cac7d3a5f48ecb8b7e5d695c70af4047,agc_contracts-ampr_5,remote-results-ampr-mm4/contracts-ampr/job-0005/headless.log,4e66bea446bdb7ba1c60a2c5af96d7772e395799cb8ecbde19ccaf77476a1a7c
libSceAmpr,Jg-AgkdJHkk,sceAmprAprCommandBufferReadFileScatter,Jg-AgkdJHkk#C#A,0x3710,Function,true,Jg-AgkdJHkk#C#A,0x3710,false,false,198,true,1,0,129a972cdb762d1b362ad136cdb802f5cac7d3a5f48ecb8b7e5d695c70af4047,agc_contracts-ampr_6,remote-results-ampr-mm4/contracts-ampr/job-0006/headless.log,50782cb17d2ff337d08c3934d9cb665ccd46ff3dfc1d875ba55bfd048498dbf5
libSceAmpr,YPxkUDhgoNI,sceAmprAprCommandBufferResetGatherScatterState,YPxkUDhgoNI#C#A,0x3910,Function,true,YPxkUDhgoNI#C#A,0x3910,false,false,122,true,1,0,129a972cdb762d1b362ad136cdb802f5cac7d3a5f48ecb8b7e5d695c70af4047,agc_contracts-ampr_7,remote-results-ampr-mm4/contracts-ampr/job-0007/headless.log,c48ac40a5fb81e8cf88c804e5a75ee2528f7b6bf3951ace78c21a3fefae66950
libSceAmpr,4UkZbYKVF7c,sceAmprCommandBufferConstructMarker,4UkZbYKVF7c#C#A,0x2f70,Function,true,4UkZbYKVF7c#C#A,0x2f70,false,false,773,true,1,0,129a972cdb762d1b362ad136cdb802f5cac7d3a5f48ecb8b7e5d695c70af4047,agc_contracts-ampr_8,remote-results-ampr-mm4/contracts-ampr/job-0008/headless.log,64460e141873247d856ea783db4cb6abe32d2f6478d4757fd3806cc5141ff61a
libSceAmpr,GmOguNIsuKk,sceAmprCommandBufferConstructNop,GmOguNIsuKk#C#A,0x2c80,Function,true,GmOguNIsuKk#C#A,0x2c80,false,false,309,true,1,0,129a972cdb762d1b362ad136cdb802f5cac7d3a5f48ecb8b7e5d695c70af4047,agc_contracts-ampr_9,remote-results-ampr-mm4/contracts-ampr/job-0009/headless.log,8ab8e64cbffd563f73690aaa92fb1b2af9369b36050fa1959e5c512d072ac931
libSceAmpr,RPCAhx-aabE,sceAmprCommandBufferGetBufferBaseAddress,RPCAhx-aabE#C#A,0x1e80,Function,true,RPCAhx-aabE#C#A,0x1e80,false,false,5,true,1,0,129a972cdb762d1b362ad136cdb802f5cac7d3a5f48ecb8b7e5d695c70af4047,agc_contracts-ampr_10,remote-results-ampr-mm4/contracts-ampr/job-0010/headless.log,bf2e322d7e1441e3f8055c3f05a0cf84983aea5aa435da660dc753d9271ce6ec
libSceAmpr,VEDMaQmJZng,sceAmprCommandBufferGetType,VEDMaQmJZng#C#A,0x1e60,Function,true,VEDMaQmJZng#C#A,0x1e60,false,false,3,true,1,0,129a972cdb762d1b362ad136cdb802f5cac7d3a5f48ecb8b7e5d695c70af4047,agc_contracts-ampr_11,remote-results-ampr-mm4/contracts-ampr/job-0011/headless.log,289a637576871110c389e72b5555c57393bd2d848274eb066244a942020c5af7
libSceAmpr,tNn5WBkta60,sceAmprCommandBufferNop,tNn5WBkta60#C#A,0x2dc0,Function,true,tNn5WBkta60#C#A,0x2dc0,false,false,166,true,1,0,129a972cdb762d1b362ad136cdb802f5cac7d3a5f48ecb8b7e5d695c70af4047,agc_contracts-ampr_12,remote-results-ampr-mm4/contracts-ampr/job-0012/headless.log,aae696d1d227d24bc6d44e967e07c09afaec9b138940233b0afcd2a25277dac2
libSceAmpr,pFQ9UHpO52s,sceAmprCommandBufferNopWithData,pFQ9UHpO52s#C#A,0x2e70,Function,true,pFQ9UHpO52s#C#A,0x2e70,false,false,252,true,1,0,129a972cdb762d1b362ad136cdb802f5cac7d3a5f48ecb8b7e5d695c70af4047,agc_contracts-ampr_13,remote-results-ampr-mm4/contracts-ampr/job-0013/headless.log,f7d5d8205a377cd82443f0b158cc5f34f8d420a48ff86e3511501e31e21a3126
libSceAmpr,mv0O8Zg0woU,sceAmprCommandBufferPopMarker,mv0O8Zg0woU#C#A,0x3400,Function,true,mv0O8Zg0woU#C#A,0x3400,false,false,132,true,1,0,129a972cdb762d1b362ad136cdb802f5cac7d3a5f48ecb8b7e5d695c70af4047,agc_contracts-ampr_14,remote-results-ampr-mm4/contracts-ampr/job-0014/headless.log,21a22e1140f275504e6052940036f4ecaade7fcb14d303069af5ee9b3e8b48c1
libSceAmpr,dXPaz65HNmk,sceAmprCommandBufferPushMarker,dXPaz65HNmk#C#A,0x33b0,Function,true,dXPaz65HNmk#C#A,0x33b0,false,false,68,true,1,0,129a972cdb762d1b362ad136cdb802f5cac7d3a5f48ecb8b7e5d695c70af4047,agc_contracts-ampr_15,remote-results-ampr-mm4/contracts-ampr/job-0015/headless.log,c28d6cfa46e5bc53d682e380f5642f945b2093fd407f1ca0cf0e1f1b61bf10d3
libSceAmpr,f12ObAMEi9A,sceAmprCommandBufferPushMarkerWithColor,f12ObAMEi9A#C#A,0x3330,Function,true,f12ObAMEi9A#C#A,0x3330,false,false,115,true,1,0,129a972cdb762d1b362ad136cdb802f5cac7d3a5f48ecb8b7e5d695c70af4047,agc_contracts-ampr_16,remote-results-ampr-mm4/contracts-ampr/job-0016/headless.log,d36d7694b868a8fee537c9aa58ccea8f9c5d0e114771bd6454417c1b0eee991f
libSceAmpr,4quckD2y7Pg,sceAmprCommandBufferSetMarker,4quckD2y7Pg#C#A,0x32e0,Function,true,4quckD2y7Pg#C#A,0x32e0,false,false,68,true,1,0,129a972cdb762d1b362ad136cdb802f5cac7d3a5f48ecb8b7e5d695c70af4047,agc_contracts-ampr_17,remote-results-ampr-mm4/contracts-ampr/job-0017/headless.log,a892b153372179a29d07c44cbb68144e1b689fa766b07320666eb9236c8b60e8
libSceAmpr,sWbST0oQKsc,sceAmprCommandBufferSetMarkerWithColor,sWbST0oQKsc#C#A,0x3280,Function,true,sWbST0oQKsc#C#A,0x3280,false,false,85,true,1,0,129a972cdb762d1b362ad136cdb802f5cac7d3a5f48ecb8b7e5d695c70af4047,agc_contracts-ampr_18,remote-results-ampr-mm4/contracts-ampr/job-0018/headless.log,b63e3cc2de270208c94a32b543681008c7068282e57f9f9d1bbf537b8d402972
libSceAmpr,DLfoNxTFNVk,sceAmprCommandBufferWaitOnAddress_04_00,DLfoNxTFNVk#C#A,0x1eb0,Function,true,DLfoNxTFNVk#C#A,0x1eb0,false,false,328,true,1,0,129a972cdb762d1b362ad136cdb802f5cac7d3a5f48ecb8b7e5d695c70af4047,agc_contracts-ampr_19,remote-results-ampr-mm4/contracts-ampr/job-0019/headless.log,08e5811610b4eeab9a9fab32162c7cc0668934c4cc44705078fce8471991f999
libSceAmpr,cQb8Zr8Q0Y0,sceAmprCommandBufferWaitOnCounter_04_00,cQb8Zr8Q0Y0#C#A,0x2150,Function,true,cQb8Zr8Q0Y0#C#A,0x2150,false,false,297,true,1,0,129a972cdb762d1b362ad136cdb802f5cac7d3a5f48ecb8b7e5d695c70af4047,agc_contracts-ampr_20,remote-results-ampr-mm4/contracts-ampr/job-0020/headless.log,5870759798cea7973b93d352cbf478309e6f14e3abc5b262db43a6f5bc5cf5c4
libSceAmpr,j0+3uJMxYJY,sceAmprCommandBufferWriteAddress_04_00,j0+3uJMxYJY#C#A,0x2480,Function,true,j0+3uJMxYJY#C#A,0x2480,false,false,32,true,1,0,129a972cdb762d1b362ad136cdb802f5cac7d3a5f48ecb8b7e5d695c70af4047,agc_contracts-ampr_21,remote-results-ampr-mm4/contracts-ampr/job-0021/headless.log,d1a0bc5ca724a80fa3abb989819680e56d6be32f0cb2af3797b8e32d8dbfb932
libSceAmpr,t4ExS+SwLjs,sceAmprCommandBufferWriteAddressFromCounter_04_00,t4ExS+SwLjs#C#A,0x2bb0,Function,true,t4ExS+SwLjs#C#A,0x2bb0,false,false,48,true,1,0,129a972cdb762d1b362ad136cdb802f5cac7d3a5f48ecb8b7e5d695c70af4047,agc_contracts-ampr_22,remote-results-ampr-mm4/contracts-ampr/job-0022/headless.log,4e9b9b838782bbbc57538bf7a5acfd46dd7e54c96979c9c7bc63de1b0619d108
libSceAmpr,enZm-6GjWqw,sceAmprCommandBufferWriteAddressFromCounterPair_04_00,enZm-6GjWqw#C#A,0x2c10,Function,true,enZm-6GjWqw#C#A,0x2c10,false,false,49,true,1,0,129a972cdb762d1b362ad136cdb802f5cac7d3a5f48ecb8b7e5d695c70af4047,agc_contracts-ampr_23,remote-results-ampr-mm4/contracts-ampr/job-0023/headless.log,145b8b1514c333ed490e5fad1c1d610bc94c409625ebd63011a3953b15fbba0d
libSceAmpr,bt3LHR9xjK4,sceAmprCommandBufferWriteAddressFromTimeCounter_04_00,bt3LHR9xjK4#C#A,0x2b50,Function,true,bt3LHR9xjK4#C#A,0x2b50,false,false,34,true,1,0,129a972cdb762d1b362ad136cdb802f5cac7d3a5f48ecb8b7e5d695c70af4047,agc_contracts-ampr_24,remote-results-ampr-mm4/contracts-ampr/job-0024/headless.log,4af46497de29095b78340f7c8b4dfecefa1b49c130574005f03477fe84f984c7
libSceAmpr,jK+yuYCI7MA,sceAmprCommandBufferWriteCounter_04_00,jK+yuYCI7MA#C#A,0x2630,Function,true,jK+yuYCI7MA#C#A,0x2630,false,false,234,true,1,0,129a972cdb762d1b362ad136cdb802f5cac7d3a5f48ecb8b7e5d695c70af4047,agc_contracts-ampr_25,remote-results-ampr-mm4/contracts-ampr/job-0025/headless.log,4974acba64bcf4d58ad18d4db073f544353b3045999ffb08083f9fb549670f65
libSceAmpr,kdFImtTD0hc,sceAmprMeasureCommandSizeMapBegin,kdFImtTD0hc#C#A,0x4170,Function,true,kdFImtTD0hc#C#A,0x4170,false,false,80,true,1,0,129a972cdb762d1b362ad136cdb802f5cac7d3a5f48ecb8b7e5d695c70af4047,agc_contracts-ampr_26,remote-results-ampr-mm4/contracts-ampr/job-0026/headless.log,257b765e29e37f4e884e98dea64c9b67c923e1a6b28b16ea88bc8d60e518a22d
libSceAmpr,qvbdJc7bG+s,sceAmprMeasureCommandSizeMapDirectBegin,qvbdJc7bG+s#C#A,0x41c0,Function,true,qvbdJc7bG+s#C#A,0x41c0,false,false,88,true,1,0,129a972cdb762d1b362ad136cdb802f5cac7d3a5f48ecb8b7e5d695c70af4047,agc_contracts-ampr_27,remote-results-ampr-mm4/contracts-ampr/job-0027/headless.log,9f072129ca1081af69a40793712f3959fb19cf232819150ea176d1a00525302e
libSceAmpr,iwTNhyaemnw,sceAmprMeasureCommandSizeMapEnd,iwTNhyaemnw#C#A,0x4220,Function,true,iwTNhyaemnw#C#A,0x4220,false,false,6,true,1,0,129a972cdb762d1b362ad136cdb802f5cac7d3a5f48ecb8b7e5d695c70af4047,agc_contracts-ampr_28,remote-results-ampr-mm4/contracts-ampr/job-0028/headless.log,9ad25dfedef573045091cec4266080891998ef557f62602e82fddec337960ef5
libSceAmpr,NNIZ-FMyz3M,sceAmprMeasureCommandSizeNop,NNIZ-FMyz3M#C#A,0x4050,Function,true,NNIZ-FMyz3M#C#A,0x4050,false,false,28,true,1,0,129a972cdb762d1b362ad136cdb802f5cac7d3a5f48ecb8b7e5d695c70af4047,agc_contracts-ampr_29,remote-results-ampr-mm4/contracts-ampr/job-0029/headless.log,7c4a9fae226e99cdf3122fedf3e0d80ce3fced2f2202a34050ac4f0c03bdbe33
libSceAmpr,Xp85BP3+BBI,sceAmprMeasureCommandSizeNopWithData,Xp85BP3+BBI#C#A,0x4070,Function,true,Xp85BP3+BBI#C#A,0x4070,false,false,28,true,1,0,129a972cdb762d1b362ad136cdb802f5cac7d3a5f48ecb8b7e5d695c70af4047,agc_contracts-ampr_30,remote-results-ampr-mm4/contracts-ampr/job-0030/headless.log,4533ec7fa8af71176341bb58486dee6995bd38cd8c2993410de89e1e8e264ef3
libSceAmpr,pbnNnahE8vk,sceAmprMeasureCommandSizePopMarker,pbnNnahE8vk#C#A,0x4390,Function,true,pbnNnahE8vk#C#A,0x4390,false,false,6,true,1,0,129a972cdb762d1b362ad136cdb802f5cac7d3a5f48ecb8b7e5d695c70af4047,agc_contracts-ampr_31,remote-results-ampr-mm4/contracts-ampr/job-0031/headless.log,2ffaf8ba9f06c0fe3b24cdd6ffdda0813db0ff69e1991864e16feaee5c5e11ac
libSceAmpr,0RdLmAh7WVo,sceAmprMeasureCommandSizePushMarker,0RdLmAh7WVo#C#A,0x4350,Function,true,0RdLmAh7WVo#C#A,0x4350,false,false,53,true,1,0,129a972cdb762d1b362ad136cdb802f5cac7d3a5f48ecb8b7e5d695c70af4047,agc_contracts-ampr_32,remote-results-ampr-mm4/contracts-ampr/job-0032/headless.log,ff85f37f350ce0d58efaaa1e798a34cfa2f5704a3f089e5b1a73fe90ddde616c
libSceAmpr,3OfeY4pzDV0,sceAmprMeasureCommandSizePushMarkerWithColor,3OfeY4pzDV0#C#A,0x42e0,Function,true,3OfeY4pzDV0#C#A,0x42e0,false,false,97,true,1,0,129a972cdb762d1b362ad136cdb802f5cac7d3a5f48ecb8b7e5d695c70af4047,agc_contracts-ampr_33,remote-results-ampr-mm4/contracts-ampr/job-0033/headless.log,82b393d00a8606868264706c7a88be36676f6d9bdfe9df4a06d79e40db1e33c6
libSceAmpr,qesF88X4DRg,sceAmprMeasureCommandSizeReadFileGather,qesF88X4DRg#C#A,0x40e0,Function,true,qesF88X4DRg#C#A,0x40e0,false,false,45,true,1,0,129a972cdb762d1b362ad136cdb802f5cac7d3a5f48ecb8b7e5d695c70af4047,agc_contracts-ampr_34,remote-results-ampr-mm4/contracts-ampr/job-0034/headless.log,3dc8ff88c543c95fc15a5d6f1c764198a1c6a843c470923c13105f2cd9363819
libSceAmpr,DXmgc5op8Yw,sceAmprMeasureCommandSizeReadFileGatherScatter,DXmgc5op8Yw#C#A,0x4130,Function,true,DXmgc5op8Yw#C#A,0x4130,false,false,42,true,1,0,129a972cdb762d1b362ad136cdb802f5cac7d3a5f48ecb8b7e5d695c70af4047,agc_contracts-ampr_35,remote-results-ampr-mm4/contracts-ampr/job-0035/headless.log,0dce4187972eddfb71cc7b7b1a42745779857371bc6447ed19d06c9a69b525e8
libSceAmpr,7nXGDGMXSqo,sceAmprMeasureCommandSizeReadFileScatter,7nXGDGMXSqo#C#A,0x4110,Function,true,7nXGDGMXSqo#C#A,0x4110,false,false,21,true,1,0,129a972cdb762d1b362ad136cdb802f5cac7d3a5f48ecb8b7e5d695c70af4047,agc_contracts-ampr_36,remote-results-ampr-mm4/contracts-ampr/job-0036/headless.log,8d50f403df9056794c43e044c0b1cd872068f7246024a3fb3454ae89ee200f5e
libSceAmpr,rddQYXM0CjM,sceAmprMeasureCommandSizeResetGatherScatterState,rddQYXM0CjM#C#A,0x4160,Function,true,rddQYXM0CjM#C#A,0x4160,false,false,6,true,1,0,129a972cdb762d1b362ad136cdb802f5cac7d3a5f48ecb8b7e5d695c70af4047,agc_contracts-ampr_37,remote-results-ampr-mm4/contracts-ampr/job-0037/headless.log,a43bef5f8c70350ea161370288916bdb0f1344bad3f28ad518c2acc4e29b6cf2
libSceAmpr,VGkEj4d6-Kg,sceAmprMeasureCommandSizeSetMarker,VGkEj4d6-Kg#C#A,0x42a0,Function,true,VGkEj4d6-Kg#C#A,0x42a0,false,false,53,true,1,0,129a972cdb762d1b362ad136cdb802f5cac7d3a5f48ecb8b7e5d695c70af4047,agc_contracts-ampr_38,remote-results-ampr-mm4/contracts-ampr/job-0038/headless.log,efc3e377e64cad2c9b0c6867bf66fceca75d75558c30f50677fe8437454a4fe8
libSceAmpr,tmfr97+ED5I,sceAmprMeasureCommandSizeSetMarkerWithColor,tmfr97+ED5I#C#A,0x4230,Function,true,tmfr97+ED5I#C#A,0x4230,false,false,97,true,1,0,129a972cdb762d1b362ad136cdb802f5cac7d3a5f48ecb8b7e5d695c70af4047,agc_contracts-ampr_39,remote-results-ampr-mm4/contracts-ampr/job-0039/headless.log,ecd17d9e3b9e0cd100ee0199d4ca750aec39d59fd246b3c9c6b349ed415c9498
libSceAmpr,0BMj1hgG+kE,sceAmprMeasureCommandSizeWaitOnAddress_04_00,0BMj1hgG+kE#C#A,0x3c70,Function,true,0BMj1hgG+kE#C#A,0x3c70,false,false,58,true,1,0,129a972cdb762d1b362ad136cdb802f5cac7d3a5f48ecb8b7e5d695c70af4047,agc_contracts-ampr_40,remote-results-ampr-mm4/contracts-ampr/job-0040/headless.log,0bcdd2859c67ff1efaa653ea2bbdb9eab5d7deedb81e3ef9d7a189d8aed462fa
libSceAmpr,ClnsFLLLcss,sceAmprMeasureCommandSizeWaitOnCounter_04_00,ClnsFLLLcss#C#A,0x3cf0,Function,true,ClnsFLLLcss#C#A,0x3cf0,false,false,170,true,1,0,129a972cdb762d1b362ad136cdb802f5cac7d3a5f48ecb8b7e5d695c70af4047,agc_contracts-ampr_41,remote-results-ampr-mm4/contracts-ampr/job-0041/headless.log,a5b267a9a0dd1e298c2d92520afbc5d3739aa8669d7510d926020b44edb27cb6
libSceAmpr,4fgtGfXDrFc,sceAmprMeasureCommandSizeWriteAddress_04_00,4fgtGfXDrFc#C#A,0x3dd0,Function,true,4fgtGfXDrFc#C#A,0x3dd0,false,false,64,true,1,0,129a972cdb762d1b362ad136cdb802f5cac7d3a5f48ecb8b7e5d695c70af4047,agc_contracts-ampr_42,remote-results-ampr-mm4/contracts-ampr/job-0042/headless.log,9214a54a0e1b689ed9ab6eceec297910a78e97d81411a1e98fe3268b61839bbe
libSceAmpr,JYd9g9L+TmE,sceAmprMeasureCommandSizeWriteAddressFromCounter_04_00,JYd9g9L+TmE#C#A,0x3e90,Function,true,JYd9g9L+TmE#C#A,0x3e90,false,false,47,true,1,0,129a972cdb762d1b362ad136cdb802f5cac7d3a5f48ecb8b7e5d695c70af4047,agc_contracts-ampr_43,remote-results-ampr-mm4/contracts-ampr/job-0043/headless.log,a0dc1c0c72e3027077bdfc9a0bd3f357cf3a0dae08415e9f29766ac190445c33
libSceAmpr,2Hw8gjMdwSY,sceAmprMeasureCommandSizeWriteAddressFromCounterPair_04_00,2Hw8gjMdwSY#C#A,0x3ef0,Function,true,2Hw8gjMdwSY#C#A,0x3ef0,false,false,47,true,1,0,129a972cdb762d1b362ad136cdb802f5cac7d3a5f48ecb8b7e5d695c70af4047,agc_contracts-ampr_44,remote-results-ampr-mm4/contracts-ampr/job-0044/headless.log,ff931f07bb4168bb72a59f0ffa79498d8bbd5bde64e8e27cd2e0ff6842383a71
libSceAmpr,gAtc79UTt5E,sceAmprMeasureCommandSizeWriteAddressFromTimeCounter_04_00,gAtc79UTt5E#C#A,0x3e50,Function,true,gAtc79UTt5E#C#A,0x3e50,false,false,28,true,1,0,129a972cdb762d1b362ad136cdb802f5cac7d3a5f48ecb8b7e5d695c70af4047,agc_contracts-ampr_45,remote-results-ampr-mm4/contracts-ampr/job-0045/headless.log,ea156045df2af29fbaf0bf47e0f5e722024139be5aa679d46477c4c2ee7939a0
libSceAmpr,I-Qm+MEso5c,sceAmprMeasureCommandSizeWriteCounter_04_00,I-Qm+MEso5c#C#A,0x3f50,Function,true,I-Qm+MEso5c#C#A,0x3f50,false,false,133,true,1,0,129a972cdb762d1b362ad136cdb802f5cac7d3a5f48ecb8b7e5d695c70af4047,agc_contracts-ampr_46,remote-results-ampr-mm4/contracts-ampr/job-0046/headless.log,392da5cf3fcb099a7019af424e674cc9e65b1d0b6b731b55fd0308b58a3558e4
